{
  "as_of": "2026-05-10T21:11:05.908595Z",
  "track": "pure_model",
  "domain_means": {
    "WM": 0.32429,
    "K": 0.48983662940811107,
    "M": 0.646954489229403
  },
  "agi_percent": 14.6,
  "time_percent": 42.9,
  "counts": {
    "metrics_total": 3,
    "metrics_counted": 3
  },
  "commit": "bbda77d"
}