{
  "as_of": "2026-06-29T22:34:02.652176Z",
  "track": "pure_model",
  "domain_means": {
    "WM": 0.32606,
    "M": 0.738675811359379,
    "K": 0.4156924323364071
  },
  "agi_percent": 14.8,
  "time_percent": 42.9,
  "counts": {
    "metrics_total": 3,
    "metrics_counted": 3
  },
  "commit": "b9d66fd"
}