{
  "as_of": "2026-02-05T14:07:19.238665Z",
  "track": "pure_model",
  "domain_means": {
    "M": 0.6571005414736928,
    "WM": 0.2187,
    "K": 0.49970988973728314
  },
  "agi_percent": 13.8,
  "time_percent": 42.9,
  "counts": {
    "metrics_total": 3,
    "metrics_counted": 3
  },
  "commit": "628b9aa"
}