{
  "as_of": "2026-01-12T05:27:44.958181Z",
  "track": "pure_model",
  "domain_means": {
    "M": 0.6447054780704108,
    "WM": 0.31704,
    "K": 0.505637615658885
  },
  "agi_percent": 14.7,
  "time_percent": 42.9,
  "counts": {
    "metrics_total": 3,
    "metrics_counted": 3
  },
  "commit": "8d36d3d"
}