{
  "as_of": "2025-12-25T09:43:28.711147Z",
  "track": "pure_model",
  "domain_means": {
    "M": 0.6373434529031089,
    "WM": 0.31562,
    "K": 0.5089744044753755
  },
  "agi_percent": 14.6,
  "time_percent": 35.7,
  "counts": {
    "metrics_total": 3,
    "metrics_counted": 3
  },
  "commit": "96c1494"
}