{
  "as_of": "2025-10-31T01:19:17.811113Z",
  "track": "pure_model",
  "domain_means": {
    "M": 0.5977833002706748,
    "WM": 0.31189,
    "K": 0.4431608071107392
  },
  "agi_percent": 13.5,
  "time_percent": 35.7,
  "counts": {
    "metrics_total": 3,
    "metrics_counted": 3
  },
  "commit": "3d4d5a4"
}