{
  "as_of": "2026-01-10T05:42:57.152178Z",
  "track": "pure_model",
  "domain_means": {
    "M": 0.6410561853549676,
    "WM": 0.1465,
    "K": 0.5024900582988228
  },
  "agi_percent": 12.9,
  "time_percent": 42.9,
  "counts": {
    "metrics_total": 3,
    "metrics_counted": 3
  },
  "commit": "d46a61e"
}