{
  "as_of": "2026-04-08T05:45:22.969768Z",
  "track": "pure_model",
  "domain_means": {
    "WM": 0.32242,
    "K": 0.5047618754487563,
    "M": 0.6606155675396698
  },
  "agi_percent": 14.9,
  "time_percent": 42.9,
  "counts": {
    "metrics_total": 3,
    "metrics_counted": 3
  },
  "commit": "470cd6e"
}