{
  "as_of": "2026-04-26T07:25:23.754405Z",
  "track": "pure_model",
  "domain_means": {
    "WM": 0.32353,
    "K": 0.49875891963868924,
    "M": 0.6846649403779187
  },
  "agi_percent": 15.1,
  "time_percent": 42.9,
  "counts": {
    "metrics_total": 3,
    "metrics_counted": 3
  },
  "commit": "08eca90"
}