{
  "as_of": "2026-02-18T03:57:11.487279Z",
  "track": "pure_model",
  "domain_means": {
    "M": 0.6472674434870488,
    "K": 0.48806597537611895,
    "WM": 0.31912
  },
  "agi_percent": 14.5,
  "time_percent": 42.9,
  "counts": {
    "metrics_total": 3,
    "metrics_counted": 3
  },
  "commit": "091ffe3"
}