{
  "as_of": "2026-02-23T11:13:01.277211Z",
  "track": "pure_model",
  "domain_means": {
    "M": 0.6470304812717117,
    "WM": 0.31933,
    "K": 0.48330341707118274
  },
  "agi_percent": 14.5,
  "time_percent": 42.9,
  "counts": {
    "metrics_total": 3,
    "metrics_counted": 3
  },
  "commit": "895e607"
}