{
  "as_of": "2026-01-26T22:13:29.774652Z",
  "track": "pure_model",
  "domain_means": {
    "M": 0.653179682062679,
    "WM": 0.31809,
    "K": 0.514333950936397
  },
  "agi_percent": 14.9,
  "time_percent": 42.9,
  "counts": {
    "metrics_total": 3,
    "metrics_counted": 3
  },
  "commit": "a44cdbd"
}