{
  "as_of": "2026-01-30T07:58:35.753779Z",
  "track": "pure_model",
  "domain_means": {
    "M": 0.6492739174706799,
    "WM": 0.31832,
    "K": 0.5087181832745539
  },
  "agi_percent": 14.8,
  "time_percent": 42.9,
  "counts": {
    "metrics_total": 3,
    "metrics_counted": 3
  },
  "commit": "f62a7a9"
}