{
  "as_of": "2026-05-25T18:21:12.923306Z",
  "track": "pure_model",
  "domain_means": {
    "WM": 0.32481,
    "K": 0.5006485277061518,
    "M": 0.6288668570593907
  },
  "agi_percent": 14.5,
  "time_percent": 42.9,
  "counts": {
    "metrics_total": 3,
    "metrics_counted": 3
  },
  "commit": "31c8e8d"
}