{
  "as_of": "2026-01-22T13:44:21.547027Z",
  "track": "pure_model",
  "domain_means": {
    "M": 0.652759869883519,
    "WM": 0.31769,
    "K": 0.5163251784990249
  },
  "agi_percent": 14.9,
  "time_percent": 42.9,
  "counts": {
    "metrics_total": 3,
    "metrics_counted": 3
  },
  "commit": "a01a4fd"
}