{
  "as_of": "2026-07-01T16:42:08.488226Z",
  "track": "pure_model",
  "domain_means": {
    "WM": 0.3261,
    "M": 0.7458531485212778,
    "K": 0.40629176047006466
  },
  "agi_percent": 14.8,
  "time_percent": 42.9,
  "counts": {
    "metrics_total": 3,
    "metrics_counted": 3
  },
  "commit": "ee89375"
}