{
  "as_of": "2025-12-26T05:44:49.897912Z",
  "track": "pure_model",
  "domain_means": {
    "M": 0.6373434529031089,
    "WM": 0.31568,
    "K": 0.5089744044753755
  },
  "agi_percent": 14.6,
  "time_percent": 35.7,
  "counts": {
    "metrics_total": 3,
    "metrics_counted": 3
  },
  "commit": "8c81bd2"
}