{
  "as_of": "2026-05-19T08:24:59.885118Z",
  "track": "pure_model",
  "domain_means": {
    "WM": 0.32459,
    "K": 0.502139537450862,
    "M": 0.640983973149797
  },
  "agi_percent": 14.7,
  "time_percent": 42.9,
  "counts": {
    "metrics_total": 3,
    "metrics_counted": 3
  },
  "commit": "e4bc6f9"
}