{
  "as_of": "2026-04-11T06:49:34.465013Z",
  "track": "pure_model",
  "domain_means": {
    "WM": 0.32252,
    "K": 0.5075538297977763,
    "M": 0.6605525852310186
  },
  "agi_percent": 14.9,
  "time_percent": 42.9,
  "counts": {
    "metrics_total": 3,
    "metrics_counted": 3
  },
  "commit": "3707064"
}