{
  "as_of": "2025-11-15T07:36:01.407021Z",
  "track": "pure_model",
  "domain_means": {
    "M": 0.5426659544537337,
    "WM": 0.31295,
    "K": 0.4884915051945871
  },
  "agi_percent": 13.4,
  "time_percent": 35.7,
  "counts": {
    "metrics_total": 3,
    "metrics_counted": 3
  },
  "commit": "6c753b5"
}