{
  "as_of": "2026-04-10T10:06:58.304543Z",
  "track": "pure_model",
  "domain_means": {
    "WM": 0.32248,
    "K": 0.5075538297977763,
    "M": 0.6605525852310186
  },
  "agi_percent": 14.9,
  "time_percent": 42.9,
  "counts": {
    "metrics_total": 3,
    "metrics_counted": 3
  },
  "commit": "b03663c"
}