{
  "as_of": "2025-11-16T05:16:48.974292Z",
  "track": "pure_model",
  "domain_means": {
    "M": 0.5441756314173357,
    "WM": 0.313,
    "K": 0.4884915051945871
  },
  "agi_percent": 13.5,
  "time_percent": 35.7,
  "counts": {
    "metrics_total": 3,
    "metrics_counted": 3
  },
  "commit": "8e65207"
}