{
  "as_of": "2026-04-03T05:02:26.892534Z",
  "track": "pure_model",
  "domain_means": {
    "M": 0.6158698198175251,
    "WM": 0.32215,
    "K": 0.48554731696006975
  },
  "agi_percent": 14.2,
  "time_percent": 42.9,
  "counts": {
    "metrics_total": 3,
    "metrics_counted": 3
  },
  "commit": "cdccbbf"
}