{
  "as_of": "2026-06-30T02:26:49.889377Z",
  "track": "pure_model",
  "domain_means": {
    "WM": 0.32608,
    "M": 0.738675811359379,
    "K": 0.4156924323364071
  },
  "agi_percent": 14.8,
  "time_percent": 42.9,
  "counts": {
    "metrics_total": 3,
    "metrics_counted": 3
  },
  "commit": "989838e"
}