{
  "as_of": "2026-07-08T09:53:59.353159Z",
  "track": "pure_model",
  "domain_means": {
    "WM": 0.32641,
    "M": 0.7273938924359551,
    "K": 0.36219771140204565
  },
  "agi_percent": 14.2,
  "time_percent": 42.9,
  "counts": {
    "metrics_total": 3,
    "metrics_counted": 3
  },
  "commit": "d8720d4"
}