{
  "as_of": "2026-03-16T14:16:07.130509Z",
  "track": "pure_model",
  "domain_means": {
    "M": 0.6291591148466897,
    "K": 0.4949026520589969,
    "WM": 0.04726
  },
  "agi_percent": 11.7,
  "time_percent": 42.9,
  "counts": {
    "metrics_total": 3,
    "metrics_counted": 3
  },
  "commit": "c59a88f"
}