{
  "as_of": "2026-01-29T14:43:40.483058Z",
  "track": "pure_model",
  "domain_means": {
    "M": 0.6490526771140731,
    "WM": 0.31828,
    "K": 0.510867688009052
  },
  "agi_percent": 14.8,
  "time_percent": 42.9,
  "counts": {
    "metrics_total": 3,
    "metrics_counted": 3
  },
  "commit": "2682c3c"
}