{
  "as_of": "2026-04-05T06:59:12.686890Z",
  "track": "pure_model",
  "domain_means": {
    "M": 0.6198609156815356,
    "WM": 0.32231,
    "K": 0.493253062828833
  },
  "agi_percent": 14.4,
  "time_percent": 42.9,
  "counts": {
    "metrics_total": 3,
    "metrics_counted": 3
  },
  "commit": "e053925"
}