{
  "as_of": "2026-02-01T09:50:39.875988Z",
  "track": "pure_model",
  "domain_means": {
    "M": 0.652196305665078,
    "WM": 0.31838,
    "K": 0.5048972962808683
  },
  "agi_percent": 14.8,
  "time_percent": 42.9,
  "counts": {
    "metrics_total": 3,
    "metrics_counted": 3
  },
  "commit": "d8b2f80"
}