{
  "as_of": "2026-04-10T06:13:02.575331Z",
  "track": "pure_model",
  "domain_means": {
    "WM": 0.32245,
    "K": 0.5085897317525546,
    "M": 0.6597208219406755
  },
  "agi_percent": 14.9,
  "time_percent": 42.9,
  "counts": {
    "metrics_total": 3,
    "metrics_counted": 3
  },
  "commit": "dd665c0"
}