{
  "as_of": "2025-12-06T08:45:13.824283Z",
  "track": "pure_model",
  "domain_means": {
    "M": 0.6209172114765525,
    "WM": 0.31433,
    "K": 0.5026297927315068
  },
  "agi_percent": 14.4,
  "time_percent": 35.7,
  "counts": {
    "metrics_total": 3,
    "metrics_counted": 3
  },
  "commit": "7420e4c"
}