{
  "as_of": "2025-12-01T09:48:25.805126Z",
  "track": "pure_model",
  "domain_means": {
    "M": 0.620671662155933,
    "K": 0.49498027395775
  },
  "agi_percent": 11.2,
  "time_percent": 35.7,
  "counts": {
    "metrics_total": 2,
    "metrics_counted": 2
  },
  "commit": "aaddc1c"
}