{
  "as_of": "2026-04-24T11:55:11.899912Z",
  "track": "pure_model",
  "domain_means": {
    "WM": 0.32346,
    "K": 0.4978698716513341,
    "M": 0.6843991505217377
  },
  "agi_percent": 15.1,
  "time_percent": 42.9,
  "counts": {
    "metrics_total": 3,
    "metrics_counted": 3
  },
  "commit": "d5140d5"
}