{
  "as_of": "2025-10-22T06:54:37.876937Z",
  "track": "pure_model",
  "domain_means": {
    "M": 0.6193895479815915,
    "WM": 0.3114,
    "K": 0.43616672352014985
  },
  "agi_percent": 13.7,
  "time_percent": 35.7,
  "counts": {
    "metrics_total": 3,
    "metrics_counted": 3
  },
  "commit": "d5e77cb"
}