{
  "as_of": "2026-03-29T06:14:12.785242Z",
  "track": "pure_model",
  "domain_means": {
    "M": 0.6215544682744768,
    "K": 0.4908293180686747
  },
  "agi_percent": 11.1,
  "time_percent": 42.9,
  "counts": {
    "metrics_total": 2,
    "metrics_counted": 2
  },
  "commit": "d0bd6a2"
}