{
  "as_of": "2026-04-29T02:42:10.360279Z",
  "track": "pure_model",
  "domain_means": {
    "WM": 0.32365,
    "K": 0.49875891963868924,
    "M": 0.679851476266906
  },
  "agi_percent": 15.0,
  "time_percent": 42.9,
  "counts": {
    "metrics_total": 3,
    "metrics_counted": 3
  },
  "commit": "614d18f"
}