{
  "as_of": "2026-06-13T08:16:27.394184Z",
  "track": "pure_model",
  "domain_means": {
    "WM": 0.32542,
    "M": 0.6497966688816376,
    "K": 0.4397482094924396
  },
  "agi_percent": 14.1,
  "time_percent": 42.9,
  "counts": {
    "metrics_total": 3,
    "metrics_counted": 3
  },
  "commit": "f2192af"
}