{
  "as_of": "2025-12-26T16:44:02.688405Z",
  "track": "pure_model",
  "domain_means": {
    "M": 0.6384314447808573,
    "WM": 0.3157,
    "K": 0.5086539860076844
  },
  "agi_percent": 14.6,
  "time_percent": 35.7,
  "counts": {
    "metrics_total": 3,
    "metrics_counted": 3
  },
  "commit": "be541ee"
}