{
  "as_of": "2025-11-07T05:40:15.112953Z",
  "track": "pure_model",
  "domain_means": {
    "M": 0.5831665605966921,
    "WM": 0.31244,
    "K": 0.472509350286686
  },
  "agi_percent": 13.7,
  "time_percent": 35.7,
  "counts": {
    "metrics_total": 3,
    "metrics_counted": 3
  },
  "commit": "49c4e22"
}