{
  "as_of": "2026-07-01T06:23:56.688286Z",
  "track": "pure_model",
  "domain_means": {
    "WM": 0.32608,
    "M": 0.7414433252451551,
    "K": 0.40989874795987186
  },
  "agi_percent": 14.8,
  "time_percent": 42.9,
  "counts": {
    "metrics_total": 3,
    "metrics_counted": 3
  },
  "commit": "20b5e69"
}