{
  "as_of": "2026-02-07T06:02:09.582599Z",
  "track": "pure_model",
  "domain_means": {
    "M": 0.6576355210978898,
    "WM": 0.31877,
    "K": 0.4996371801242876
  },
  "agi_percent": 14.8,
  "time_percent": 42.9,
  "counts": {
    "metrics_total": 3,
    "metrics_counted": 3
  },
  "commit": "cf3e2fc"
}