{
  "as_of": "2026-06-13T10:43:29.947958Z",
  "track": "pure_model",
  "domain_means": {
    "M": 0.5743451559501674,
    "K": 0.4397482094924396
  },
  "agi_percent": 10.1,
  "time_percent": 42.9,
  "counts": {
    "metrics_total": 2,
    "metrics_counted": 2
  },
  "commit": "d9035b3"
}