{
  "as_of": "2025-12-27T22:41:54.804361Z",
  "track": "pure_model",
  "domain_means": {
    "M": 0.6387301933745068,
    "WM": 0.31577,
    "K": 0.5080736339250674
  },
  "agi_percent": 14.6,
  "time_percent": 35.7,
  "counts": {
    "metrics_total": 3,
    "metrics_counted": 3
  },
  "commit": "fed897c"
}