{
  "as_of": "2026-05-27T10:36:18.230974Z",
  "track": "pure_model",
  "domain_means": {
    "WM": 0.32487,
    "K": 0.4986115012299914,
    "M": 0.628413968238518
  },
  "agi_percent": 14.5,
  "time_percent": 42.9,
  "counts": {
    "metrics_total": 3,
    "metrics_counted": 3
  },
  "commit": "9c7a228"
}