{
  "as_of": "2025-12-04T17:20:40.490279Z",
  "track": "pure_model",
  "domain_means": {
    "M": 0.6208490868469115,
    "WM": 0.3142,
    "K": 0.49853767928208254
  },
  "agi_percent": 14.3,
  "time_percent": 35.7,
  "counts": {
    "metrics_total": 3,
    "metrics_counted": 3
  },
  "commit": "6c07bcd"
}