{
  "as_of": "2026-03-20T03:41:25.604261Z",
  "track": "pure_model",
  "domain_means": {
    "M": 0.6359960001619976,
    "K": 0.4949026520589969,
    "WM": 0.32074
  },
  "agi_percent": 14.5,
  "time_percent": 42.9,
  "counts": {
    "metrics_total": 3,
    "metrics_counted": 3
  },
  "commit": "bf57e18"
}