{
  "as_of": "2026-01-24T22:42:51.440910Z",
  "track": "pure_model",
  "domain_means": {
    "M": 0.6533016700283659,
    "WM": 0.31787,
    "K": 0.5157451881069408
  },
  "agi_percent": 14.9,
  "time_percent": 42.9,
  "counts": {
    "metrics_total": 3,
    "metrics_counted": 3
  },
  "commit": "c32d0ce"
}