{
  "as_of": "2026-03-21T10:16:45.527961Z",
  "track": "pure_model",
  "domain_means": {
    "M": 0.6311488875435526,
    "K": 0.49474715809232256,
    "WM": 0.32083
  },
  "agi_percent": 14.5,
  "time_percent": 42.9,
  "counts": {
    "metrics_total": 3,
    "metrics_counted": 3
  },
  "commit": "4e9b60b"
}