{
  "as_of": "2026-04-22T17:30:18.581327Z",
  "track": "pure_model",
  "domain_means": {
    "WM": 0.32336,
    "K": 0.49764589288473227,
    "M": 0.6837332333108305
  },
  "agi_percent": 15.0,
  "time_percent": 42.9,
  "counts": {
    "metrics_total": 3,
    "metrics_counted": 3
  },
  "commit": "9382b08"
}