{
  "as_of": "2026-01-11T01:05:42.177148Z",
  "track": "pure_model",
  "domain_means": {
    "M": 0.6446858675545362,
    "WM": 0.31706,
    "K": 0.50366928996962
  },
  "agi_percent": 14.7,
  "time_percent": 42.9,
  "counts": {
    "metrics_total": 3,
    "metrics_counted": 3
  },
  "commit": "12d6fe3"
}