{
  "as_of": "2026-02-02T16:48:32.184226Z",
  "track": "pure_model",
  "domain_means": {
    "M": 0.6532058396538751,
    "K": 0.5038754099389519
  },
  "agi_percent": 11.6,
  "time_percent": 42.9,
  "counts": {
    "metrics_total": 2,
    "metrics_counted": 2
  },
  "commit": "f6c91fd"
}