{
  "as_of": "2026-07-13T23:42:34.252911Z",
  "track": "pure_model",
  "domain_means": {
    "WM": 0.32668,
    "M": 0.6876181543287755,
    "K": 0.42900521128795316
  },
  "agi_percent": 14.4,
  "time_percent": 42.9,
  "counts": {
    "metrics_total": 3,
    "metrics_counted": 3
  },
  "commit": "679ccd4"
}