{
  "as_of": "2026-02-01T11:20:09.412420Z",
  "track": "pure_model",
  "domain_means": {
    "M": 0.652196305665078,
    "WM": 0.31839,
    "K": 0.5048972962808683
  },
  "agi_percent": 14.8,
  "time_percent": 42.9,
  "counts": {
    "metrics_total": 3,
    "metrics_counted": 3
  },
  "commit": "97965a3"
}