{
  "as_of": "2025-11-13T07:12:16.877961Z",
  "track": "pure_model",
  "domain_means": {
    "M": 0.548339101893753,
    "WM": 0.31283,
    "K": 0.48357638689935206
  },
  "agi_percent": 13.4,
  "time_percent": 35.7,
  "counts": {
    "metrics_total": 3,
    "metrics_counted": 3
  },
  "commit": "556a4ec"
}