{
  "as_of": "2025-11-19T01:20:21.978846Z",
  "track": "pure_model",
  "domain_means": {
    "M": 0.5454615977586266,
    "WM": 0.3131,
    "K": 0.48806597537611895
  },
  "agi_percent": 13.5,
  "time_percent": 35.7,
  "counts": {
    "metrics_total": 3,
    "metrics_counted": 3
  },
  "commit": "6f168f7"
}