{
  "as_of": "2026-06-23T11:56:14.827988Z",
  "track": "pure_model",
  "domain_means": {
    "WM": 0.32567,
    "M": 0.7389349738872864,
    "K": 0.4390795450267886
  },
  "agi_percent": 15.0,
  "time_percent": 42.9,
  "counts": {
    "metrics_total": 3,
    "metrics_counted": 3
  },
  "commit": "fb907a2"
}