{
  "as_of": "2026-04-05T23:56:08.346471Z",
  "track": "pure_model",
  "domain_means": {
    "M": 0.6574384503093796,
    "WM": 0.32231,
    "K": 0.49824163627778195
  },
  "agi_percent": 14.8,
  "time_percent": 42.9,
  "counts": {
    "metrics_total": 3,
    "metrics_counted": 3
  },
  "commit": "b41ad90"
}