{
  "as_of": "2026-04-12T21:32:21.497785Z",
  "track": "pure_model",
  "domain_means": {
    "WM": 0.32264,
    "K": 0.5044222107538828,
    "M": 0.6618019351454196
  },
  "agi_percent": 14.9,
  "time_percent": 42.9,
  "counts": {
    "metrics_total": 3,
    "metrics_counted": 3
  },
  "commit": "97f117c"
}