{
  "as_of": "2026-03-17T06:35:57.524525Z",
  "track": "pure_model",
  "domain_means": {
    "M": 0.6291591148466897,
    "K": 0.4949026520589969,
    "WM": 0.32056
  },
  "agi_percent": 14.4,
  "time_percent": 42.9,
  "counts": {
    "metrics_total": 3,
    "metrics_counted": 3
  },
  "commit": "444e7d1"
}