{
  "as_of": "2026-06-05T13:48:15.174122Z",
  "track": "pure_model",
  "domain_means": {
    "K": 0.48789506050650394,
    "M": 0.6202880330954647
  },
  "agi_percent": 11.1,
  "time_percent": 42.9,
  "counts": {
    "metrics_total": 2,
    "metrics_counted": 2
  },
  "commit": "9bfe07a"
}