{
  "as_of": "2025-12-31T02:55:44.837323Z",
  "track": "pure_model",
  "domain_means": {
    "M": 0.6354966943399134,
    "WM": 0.31625,
    "K": 0.5057714094375534
  },
  "agi_percent": 14.6,
  "time_percent": 35.7,
  "counts": {
    "metrics_total": 3,
    "metrics_counted": 3
  },
  "commit": "ffbe3bf"
}