{
  "as_of": "2026-01-24T00:58:31.180269Z",
  "track": "pure_model",
  "domain_means": {
    "M": 0.6528124797564473,
    "WM": 0.31783,
    "K": 0.5163251784990249
  },
  "agi_percent": 14.9,
  "time_percent": 42.9,
  "counts": {
    "metrics_total": 3,
    "metrics_counted": 3
  },
  "commit": "d8b28d9"
}