{
  "as_of": "2026-01-08T23:39:14.166984Z",
  "track": "pure_model",
  "domain_means": {
    "M": 0.6377007372498754,
    "WM": 0.31697,
    "K": 0.5035315498449897
  },
  "agi_percent": 14.6,
  "time_percent": 42.9,
  "counts": {
    "metrics_total": 3,
    "metrics_counted": 3
  },
  "commit": "72122f4"
}