{
  "as_of": "2025-11-05T20:13:16.271944Z",
  "track": "pure_model",
  "domain_means": {
    "M": 0.5901383023518466,
    "WM": 0.31237,
    "K": 0.47025225473412885
  },
  "agi_percent": 13.7,
  "time_percent": 35.7,
  "counts": {
    "metrics_total": 3,
    "metrics_counted": 3
  },
  "commit": "6adca1a"
}