{
  "as_of": "2026-07-21T03:23:07.272657Z",
  "track": "pure_model",
  "domain_means": {
    "WM": 0.32689,
    "M": 0.6001258582732697,
    "K": 0.4323987583959044
  },
  "agi_percent": 13.6,
  "time_percent": 42.9,
  "counts": {
    "metrics_total": 3,
    "metrics_counted": 3
  },
  "commit": "8a09945"
}