{
  "as_of": "2026-05-04T21:52:40.390636Z",
  "track": "pure_model",
  "domain_means": {
    "WM": 0.3241,
    "K": 0.49197050588598534,
    "M": 0.6341481241037319
  },
  "agi_percent": 14.5,
  "time_percent": 42.9,
  "counts": {
    "metrics_total": 3,
    "metrics_counted": 3
  },
  "commit": "159d52b"
}