{
  "as_of": "2026-02-24T17:52:10.040353Z",
  "track": "pure_model",
  "domain_means": {
    "M": 0.6468879306834252,
    "WM": 0.04723,
    "K": 0.48384833116532394
  },
  "agi_percent": 11.8,
  "time_percent": 42.9,
  "counts": {
    "metrics_total": 3,
    "metrics_counted": 3
  },
  "commit": "f0a38c6"
}