{
  "as_of": "2026-06-06T13:27:02.238004Z",
  "track": "pure_model",
  "domain_means": {
    "K": 0.48581196959000844,
    "WM": 0.32514,
    "M": 0.6492647126110438
  },
  "agi_percent": 14.6,
  "time_percent": 42.9,
  "counts": {
    "metrics_total": 3,
    "metrics_counted": 3
  },
  "commit": "e9d24cd"
}