{
  "as_of": "2025-11-20T23:16:26.497122Z",
  "track": "pure_model",
  "domain_means": {
    "M": 0.5613191231322922,
    "WM": 0.31327,
    "K": 0.4888301369871997
  },
  "agi_percent": 13.6,
  "time_percent": 35.7,
  "counts": {
    "metrics_total": 3,
    "metrics_counted": 3
  },
  "commit": "9ae86cc"
}