{
  "as_of": "2026-04-20T09:25:33.748152Z",
  "track": "pure_model",
  "domain_means": {
    "WM": 0.32322,
    "K": 0.49734617231713846,
    "M": 0.6784934859668224
  },
  "agi_percent": 15.0,
  "time_percent": 42.9,
  "counts": {
    "metrics_total": 3,
    "metrics_counted": 3
  },
  "commit": "138c7b9"
}