{
  "as_of": "2025-12-28T16:23:22.020336Z",
  "track": "pure_model",
  "domain_means": {
    "M": 0.6380562666765007,
    "K": 0.5070302657526277
  },
  "agi_percent": 11.5,
  "time_percent": 35.7,
  "counts": {
    "metrics_total": 2,
    "metrics_counted": 2
  },
  "commit": "934c3c6"
}