{
  "as_of": "2026-04-25T07:11:56.405189Z",
  "track": "pure_model",
  "domain_means": {
    "WM": 0.32347,
    "K": 0.4986115012299914,
    "M": 0.6843991505217377
  },
  "agi_percent": 15.1,
  "time_percent": 42.9,
  "counts": {
    "metrics_total": 3,
    "metrics_counted": 3
  },
  "commit": "0998611"
}