{
  "as_of": "2025-12-19T08:52:31.512920Z",
  "track": "pure_model",
  "domain_means": {
    "M": 0.6282541700285084,
    "WM": 0.31524,
    "K": 0.5119189675158482
  },
  "agi_percent": 14.6,
  "time_percent": 35.7,
  "counts": {
    "metrics_total": 3,
    "metrics_counted": 3
  },
  "commit": "cc6db72"
}