{
  "as_of": "2026-04-12T11:06:52.235072Z",
  "track": "pure_model",
  "domain_means": {
    "WM": 0.32261,
    "K": 0.5044222107538828,
    "M": 0.6618019351454196
  },
  "agi_percent": 14.9,
  "time_percent": 42.9,
  "counts": {
    "metrics_total": 3,
    "metrics_counted": 3
  },
  "commit": "dbf8506"
}