{
  "as_of": "2026-03-01T09:21:59.551697Z",
  "track": "pure_model",
  "domain_means": {
    "M": 0.6529875703441236,
    "K": 0.4917274757293539
  },
  "agi_percent": 11.4,
  "time_percent": 42.9,
  "counts": {
    "metrics_total": 2,
    "metrics_counted": 2
  },
  "commit": "1ead624"
}