{
  "as_of": "2026-06-10T10:48:02.124334Z",
  "track": "pure_model",
  "domain_means": {
    "WM": 0.32525,
    "M": 0.6495128338682367,
    "K": 0.47112042002816534
  },
  "agi_percent": 14.5,
  "time_percent": 42.9,
  "counts": {
    "metrics_total": 3,
    "metrics_counted": 3
  },
  "commit": "94a5d00"
}