{
  "as_of": "2026-03-14T09:55:34.578458Z",
  "track": "pure_model",
  "domain_means": {
    "M": 0.6308883058351279,
    "K": 0.4958286657163448,
    "WM": 0.32039
  },
  "agi_percent": 14.5,
  "time_percent": 42.9,
  "counts": {
    "metrics_total": 3,
    "metrics_counted": 3
  },
  "commit": "f1de66e"
}