{
  "as_of": "2026-03-14T10:51:41.249817Z",
  "track": "pure_model",
  "domain_means": {
    "M": 0.6308883058351279,
    "K": 0.4958286657163448,
    "WM": 0.3204
  },
  "agi_percent": 14.5,
  "time_percent": 42.9,
  "counts": {
    "metrics_total": 3,
    "metrics_counted": 3
  },
  "commit": "784b21b"
}