{
  "as_of": "2025-12-10T09:43:50.991390Z",
  "track": "pure_model",
  "domain_means": {
    "M": 0.6210940360270408,
    "WM": 0.31455,
    "K": 0.5098641029385619
  },
  "agi_percent": 14.5,
  "time_percent": 35.7,
  "counts": {
    "metrics_total": 3,
    "metrics_counted": 3
  },
  "commit": "bc87c54"
}