{
  "as_of": "2025-12-25T15:42:43.593072Z",
  "track": "pure_model",
  "domain_means": {
    "M": 0.6373434529031089,
    "WM": 0.04681,
    "K": 0.5089744044753755
  },
  "agi_percent": 11.9,
  "time_percent": 35.7,
  "counts": {
    "metrics_total": 3,
    "metrics_counted": 3
  },
  "commit": "e503163"
}