{
  "as_of": "2026-03-08T10:23:03.516010Z",
  "track": "pure_model",
  "domain_means": {
    "M": 0.6327508252588827,
    "K": 0.49521264145635085,
    "WM": 0.32012
  },
  "agi_percent": 14.5,
  "time_percent": 42.9,
  "counts": {
    "metrics_total": 3,
    "metrics_counted": 3
  },
  "commit": "c2a5c45"
}