{
  "as_of": "2026-06-13T04:59:36.283775Z",
  "track": "pure_model",
  "domain_means": {
    "WM": 0.32542,
    "M": 0.6497966688816376,
    "K": 0.46398392987878917
  },
  "agi_percent": 14.4,
  "time_percent": 42.9,
  "counts": {
    "metrics_total": 3,
    "metrics_counted": 3
  },
  "commit": "958c152"
}