{
  "as_of": "2026-01-17T04:50:52.684923Z",
  "track": "pure_model",
  "domain_means": {
    "M": 0.6559514579737772,
    "K": 0.5134377478203009
  },
  "agi_percent": 11.7,
  "time_percent": 42.9,
  "counts": {
    "metrics_total": 2,
    "metrics_counted": 2
  },
  "commit": "9ed8b4e"
}