{
  "as_of": "2025-11-21T04:44:11.044688Z",
  "track": "pure_model",
  "domain_means": {
    "M": 0.5613191231322922,
    "WM": 0.31331,
    "K": 0.4888301369871997
  },
  "agi_percent": 13.6,
  "time_percent": 35.7,
  "counts": {
    "metrics_total": 3,
    "metrics_counted": 3
  },
  "commit": "8dd0416"
}