{
  "as_of": "2026-04-06T09:45:44.425754Z",
  "track": "pure_model",
  "domain_means": {
    "M": 0.6594014285326387,
    "WM": 0.32231,
    "K": 0.5024200897929872
  },
  "agi_percent": 14.8,
  "time_percent": 42.9,
  "counts": {
    "metrics_total": 3,
    "metrics_counted": 3
  },
  "commit": "0178909"
}