{
  "as_of": "2026-05-16T16:58:40.632200Z",
  "track": "pure_model",
  "domain_means": {
    "WM": 0.32448,
    "K": 0.5030473847377551,
    "M": 0.6421104907240949
  },
  "agi_percent": 14.7,
  "time_percent": 42.9,
  "counts": {
    "metrics_total": 3,
    "metrics_counted": 3
  },
  "commit": "16730a2"
}