{
  "as_of": "2026-02-10T06:05:54.707387Z",
  "track": "pure_model",
  "domain_means": {
    "M": 0.6578974502807902,
    "WM": 0.31895,
    "K": 0.4967429820460167
  },
  "agi_percent": 14.7,
  "time_percent": 42.9,
  "counts": {
    "metrics_total": 3,
    "metrics_counted": 3
  },
  "commit": "b0bb28b"
}