{
  "as_of": "2025-12-29T06:57:49.156317Z",
  "track": "pure_model",
  "domain_means": {
    "M": 0.6380562666765007,
    "WM": 0.20105,
    "K": 0.5070302657526277
  },
  "agi_percent": 13.5,
  "time_percent": 35.7,
  "counts": {
    "metrics_total": 3,
    "metrics_counted": 3
  },
  "commit": "f12299f"
}