{
  "as_of": "2025-11-24T05:41:59.613544Z",
  "track": "pure_model",
  "domain_means": {
    "M": 0.563729550578019,
    "WM": 0.31352,
    "K": 0.4901690406175949
  },
  "agi_percent": 13.7,
  "time_percent": 35.7,
  "counts": {
    "metrics_total": 3,
    "metrics_counted": 3
  },
  "commit": "e00cba5"
}