{
  "as_of": "2026-06-17T22:56:12.677093Z",
  "track": "pure_model",
  "domain_means": {
    "WM": 0.32558,
    "M": 0.7209329588100032,
    "K": 0.43599167527606686
  },
  "agi_percent": 14.8,
  "time_percent": 42.9,
  "counts": {
    "metrics_total": 3,
    "metrics_counted": 3
  },
  "commit": "a3f3566"
}