{
  "as_of": "2026-07-21T10:14:17.644305Z",
  "track": "pure_model",
  "domain_means": {
    "WM": 0.32692,
    "M": 0.599907729287546,
    "K": 0.4325827036375957
  },
  "agi_percent": 13.6,
  "time_percent": 42.9,
  "counts": {
    "metrics_total": 3,
    "metrics_counted": 3
  },
  "commit": "452c59a"
}