{
  "as_of": "2026-07-06T23:57:36.704440Z",
  "track": "pure_model",
  "domain_means": {
    "WM": 0.32629,
    "M": 0.727412658131169,
    "K": 0.385995057576153
  },
  "agi_percent": 14.4,
  "time_percent": 42.9,
  "counts": {
    "metrics_total": 3,
    "metrics_counted": 3
  },
  "commit": "f3830fe"
}