{
  "as_of": "2025-12-03T23:16:02.058153Z",
  "track": "pure_model",
  "domain_means": {
    "M": 0.6208218190320663,
    "WM": 0.31416,
    "K": 0.4974961877359156
  },
  "agi_percent": 14.3,
  "time_percent": 35.7,
  "counts": {
    "metrics_total": 3,
    "metrics_counted": 3
  },
  "commit": "1c4cd12"
}