{
  "as_of": "2026-02-23T06:39:22.318814Z",
  "track": "pure_model",
  "domain_means": {
    "M": 0.6467164985709587,
    "WM": 0.31932,
    "K": 0.48330341707118274
  },
  "agi_percent": 14.5,
  "time_percent": 42.9,
  "counts": {
    "metrics_total": 3,
    "metrics_counted": 3
  },
  "commit": "b717469"
}