{
  "as_of": "2026-04-04T01:15:54.664205Z",
  "track": "pure_model",
  "domain_means": {
    "M": 0.6154451165260615,
    "WM": 0.3222,
    "K": 0.4879805683884511
  },
  "agi_percent": 14.3,
  "time_percent": 42.9,
  "counts": {
    "metrics_total": 3,
    "metrics_counted": 3
  },
  "commit": "1f46b1c"
}