{
  "as_of": "2026-05-09T17:40:59.194052Z",
  "track": "pure_model",
  "domain_means": {
    "WM": 0.32431,
    "K": 0.4863383894641467,
    "M": 0.6469924952232667
  },
  "agi_percent": 14.6,
  "time_percent": 42.9,
  "counts": {
    "metrics_total": 3,
    "metrics_counted": 3
  },
  "commit": "c93f3b8"
}