{
  "as_of": "2026-06-10T07:53:02.895334Z",
  "track": "pure_model",
  "domain_means": {
    "K": 0.47112042002816534,
    "WM": 0.32525,
    "M": 0.6495128338682367
  },
  "agi_percent": 14.5,
  "time_percent": 42.9,
  "counts": {
    "metrics_total": 3,
    "metrics_counted": 3
  },
  "commit": "3f98c5f"
}