{
  "as_of": "2026-06-19T22:44:03.708511Z",
  "track": "pure_model",
  "domain_means": {
    "WM": 0.2236,
    "M": 0.7388362275155727,
    "K": 0.45280628721658744
  },
  "agi_percent": 14.2,
  "time_percent": 42.9,
  "counts": {
    "metrics_total": 3,
    "metrics_counted": 3
  },
  "commit": "b4a0c1c"
}