{
  "as_of": "2026-06-11T15:03:42.049542Z",
  "track": "pure_model",
  "domain_means": {
    "M": 0.6495128338682367,
    "K": 0.4715506288051708
  },
  "agi_percent": 11.2,
  "time_percent": 42.9,
  "counts": {
    "metrics_total": 2,
    "metrics_counted": 2
  },
  "commit": "498d383"
}