{
  "as_of": "2025-11-20T10:44:35.022612Z",
  "track": "pure_model",
  "domain_means": {
    "M": 0.5613191231322922,
    "WM": 0.31324,
    "K": 0.4888301369871997
  },
  "agi_percent": 13.6,
  "time_percent": 35.7,
  "counts": {
    "metrics_total": 3,
    "metrics_counted": 3
  },
  "commit": "c217af4"
}