{
  "as_of": "2026-01-13T05:29:01.851075Z",
  "track": "pure_model",
  "domain_means": {
    "M": 0.6456405888705726,
    "WM": 0.31717,
    "K": 0.5066350923580584
  },
  "agi_percent": 14.7,
  "time_percent": 42.9,
  "counts": {
    "metrics_total": 3,
    "metrics_counted": 3
  },
  "commit": "0abdec6"
}