{
  "as_of": "2026-01-04T16:48:07.928415Z",
  "track": "pure_model",
  "domain_means": {
    "M": 0.6330623961135936,
    "K": 0.5051673802272562
  },
  "agi_percent": 11.4,
  "time_percent": 42.9,
  "counts": {
    "metrics_total": 2,
    "metrics_counted": 2
  },
  "commit": "b037c45"
}