{
  "as_of": "2026-02-12T04:01:15.417513Z",
  "track": "pure_model",
  "domain_means": {
    "M": 0.6579137894261531,
    "WM": 0.31902,
    "K": 0.49420028350431866
  },
  "agi_percent": 14.7,
  "time_percent": 42.9,
  "counts": {
    "metrics_total": 3,
    "metrics_counted": 3
  },
  "commit": "ae384fe"
}