{
  "as_of": "2025-10-30T10:12:51.102823Z",
  "track": "pure_model",
  "domain_means": {
    "M": 0.5977833002706748,
    "WM": 0.31187,
    "K": 0.4431608071107392
  },
  "agi_percent": 13.5,
  "time_percent": 35.7,
  "counts": {
    "metrics_total": 3,
    "metrics_counted": 3
  },
  "commit": "f27e1e7"
}