{
  "as_of": "2026-04-07T19:50:20.823490Z",
  "track": "pure_model",
  "domain_means": {
    "M": 0.6606155675396698,
    "WM": 0.32238,
    "K": 0.5047618754487563
  },
  "agi_percent": 14.9,
  "time_percent": 42.9,
  "counts": {
    "metrics_total": 3,
    "metrics_counted": 3
  },
  "commit": "49c6eeb"
}