{
  "as_of": "2025-12-08T15:13:36.204020Z",
  "track": "pure_model",
  "domain_means": {
    "M": 0.6210260776954591,
    "WM": 0.31443,
    "K": 0.5072270463368549
  },
  "agi_percent": 14.4,
  "time_percent": 35.7,
  "counts": {
    "metrics_total": 3,
    "metrics_counted": 3
  },
  "commit": "c2d0ff0"
}