{
  "as_of": "2026-02-16T12:40:10.632899Z",
  "track": "pure_model",
  "domain_means": {
    "M": 0.64708742299248,
    "K": 0.4889988606385404
  },
  "agi_percent": 11.4,
  "time_percent": 42.9,
  "counts": {
    "metrics_total": 2,
    "metrics_counted": 2
  },
  "commit": "b0a7b97"
}