{
  "as_of": "2025-11-12T17:12:43.108539Z",
  "track": "pure_model",
  "domain_means": {
    "M": 0.548339101893753,
    "WM": 0.3128,
    "K": 0.48357638689935206
  },
  "agi_percent": 13.4,
  "time_percent": 35.7,
  "counts": {
    "metrics_total": 3,
    "metrics_counted": 3
  },
  "commit": "99b685e"
}