{
  "as_of": "2025-11-09T08:43:06.871132Z",
  "track": "pure_model",
  "domain_means": {
    "M": 0.5505686784327903,
    "K": 0.4776160099860118
  },
  "agi_percent": 10.3,
  "time_percent": 35.7,
  "counts": {
    "metrics_total": 2,
    "metrics_counted": 2
  },
  "commit": "0c502ca"
}