{
  "as_of": "2026-01-08T05:46:16.215839Z",
  "track": "pure_model",
  "domain_means": {
    "M": 0.6375926553817262,
    "WM": 0.31692,
    "K": 0.5044902713265049
  },
  "agi_percent": 14.6,
  "time_percent": 42.9,
  "counts": {
    "metrics_total": 3,
    "metrics_counted": 3
  },
  "commit": "ff11ad3"
}