{
  "as_of": "2025-11-13T18:49:36.786530Z",
  "track": "pure_model",
  "domain_means": {
    "M": 0.5438998885556671,
    "WM": 0.31286,
    "K": 0.48581196959000844
  },
  "agi_percent": 13.4,
  "time_percent": 35.7,
  "counts": {
    "metrics_total": 3,
    "metrics_counted": 3
  },
  "commit": "285a79d"
}