{
  "as_of": "2025-10-24T09:35:55.109872Z",
  "track": "pure_model",
  "domain_means": {
    "M": 0.6122776460409504,
    "WM": 0.31159,
    "K": 0.41909129211004764
  },
  "agi_percent": 13.4,
  "time_percent": 35.7,
  "counts": {
    "metrics_total": 3,
    "metrics_counted": 3
  },
  "commit": "11f8b2f"
}