{
  "as_of": "2026-05-31T04:25:12.821144Z",
  "track": "pure_model",
  "domain_means": {
    "K": 0.4964394913974124,
    "WM": 0.32502,
    "M": 0.6252260166208989
  },
  "agi_percent": 14.5,
  "time_percent": 42.9,
  "counts": {
    "metrics_total": 3,
    "metrics_counted": 3
  },
  "commit": "804b590"
}