{
  "as_of": "2026-04-18T20:25:54.109533Z",
  "track": "pure_model",
  "domain_means": {
    "WM": 0.32304,
    "K": 0.4974212188906321,
    "M": 0.6768270188489721
  },
  "agi_percent": 15.0,
  "time_percent": 42.9,
  "counts": {
    "metrics_total": 3,
    "metrics_counted": 3
  },
  "commit": "be1d716"
}