{
  "as_of": "2026-02-25T21:33:01.675444Z",
  "track": "pure_model",
  "domain_means": {
    "M": 0.649457769267901,
    "K": 0.48447892245367835,
    "WM": 0.31947
  },
  "agi_percent": 14.5,
  "time_percent": 42.9,
  "counts": {
    "metrics_total": 3,
    "metrics_counted": 3
  },
  "commit": "05e1ff7"
}