{
  "as_of": "2026-07-06T06:51:25.690676Z",
  "track": "pure_model",
  "domain_means": {
    "WM": 0.32628,
    "M": 0.7274189122819182,
    "K": 0.3856445367281922
  },
  "agi_percent": 14.4,
  "time_percent": 42.9,
  "counts": {
    "metrics_total": 3,
    "metrics_counted": 3
  },
  "commit": "6473c5a"
}