{
  "as_of": "2026-02-20T21:50:23.704249Z",
  "track": "pure_model",
  "domain_means": {
    "M": 0.6482262894814886,
    "K": 0.48429931339464477
  },
  "agi_percent": 11.3,
  "time_percent": 42.9,
  "counts": {
    "metrics_total": 2,
    "metrics_counted": 2
  },
  "commit": "6711f8b"
}