{
  "as_of": "2026-02-07T17:52:42.271736Z",
  "track": "pure_model",
  "domain_means": {
    "M": 0.6607570776798561,
    "WM": 0.31878,
    "K": 0.5002168221700697
  },
  "agi_percent": 14.8,
  "time_percent": 42.9,
  "counts": {
    "metrics_total": 3,
    "metrics_counted": 3
  },
  "commit": "9ddc0de"
}