{
  "as_of": "2025-11-15T13:23:00.118517Z",
  "track": "pure_model",
  "domain_means": {
    "WM": 0.31298,
    "K": 0.4884915051945871
  },
  "agi_percent": 8.0,
  "time_percent": 35.7,
  "counts": {
    "metrics_total": 2,
    "metrics_counted": 2
  },
  "commit": "056d239"
}