{
  "as_of": "2026-01-14T22:44:37.245880Z",
  "track": "pure_model",
  "domain_means": {
    "M": 0.6524169704712189,
    "WM": 0.31721,
    "K": 0.5101163067256019
  },
  "agi_percent": 14.8,
  "time_percent": 42.9,
  "counts": {
    "metrics_total": 3,
    "metrics_counted": 3
  },
  "commit": "ae7807a"
}