{
  "as_of": "2026-04-09T13:22:54.571612Z",
  "track": "pure_model",
  "domain_means": {
    "M": 0.6597208219406755,
    "WM": 0.32241,
    "K": 0.5085897317525546
  },
  "agi_percent": 14.9,
  "time_percent": 42.9,
  "counts": {
    "metrics_total": 3,
    "metrics_counted": 3
  },
  "commit": "cef41ca"
}