{
  "as_of": "2025-11-30T08:14:35.297714Z",
  "track": "pure_model",
  "domain_means": {
    "M": 0.6206033059192438,
    "WM": 0.31397,
    "K": 0.494669285665607
  },
  "agi_percent": 14.3,
  "time_percent": 35.7,
  "counts": {
    "metrics_total": 3,
    "metrics_counted": 3
  },
  "commit": "a4550b2"
}