{
  "as_of": "2026-05-02T21:30:52.919588Z",
  "track": "pure_model",
  "domain_means": {
    "WM": 0.32396,
    "K": 0.49927253243292496,
    "M": 0.6740246034797872
  },
  "agi_percent": 15.0,
  "time_percent": 42.9,
  "counts": {
    "metrics_total": 3,
    "metrics_counted": 3
  },
  "commit": "6f822e4"
}