{
  "as_of": "2026-03-13T22:49:53.584291Z",
  "track": "pure_model",
  "domain_means": {
    "M": 0.6297883206660186,
    "K": 0.49636341948956897,
    "WM": 0.32036
  },
  "agi_percent": 14.5,
  "time_percent": 42.9,
  "counts": {
    "metrics_total": 3,
    "metrics_counted": 3
  },
  "commit": "91a64e3"
}