{
  "as_of": "2026-03-20T09:38:30.483066Z",
  "track": "pure_model",
  "domain_means": {
    "M": 0.6339777723808308,
    "K": 0.4950578127050156,
    "WM": 0.32077
  },
  "agi_percent": 14.5,
  "time_percent": 42.9,
  "counts": {
    "metrics_total": 3,
    "metrics_counted": 3
  },
  "commit": "8867b7b"
}