{
  "as_of": "2025-10-25T13:04:31.678937Z",
  "track": "pure_model",
  "domain_means": {
    "M": 0.6093816501985599,
    "WM": 0.31168,
    "K": 0.42421785274430396
  },
  "agi_percent": 13.5,
  "time_percent": 35.7,
  "counts": {
    "metrics_total": 3,
    "metrics_counted": 3
  },
  "commit": "19ecce7"
}