{
  "as_of": "2026-07-16T08:38:45.428102Z",
  "track": "pure_model",
  "domain_means": {
    "WM": 0.32669,
    "K": 0.4305331289947705
  },
  "agi_percent": 7.6,
  "time_percent": 42.9,
  "counts": {
    "metrics_total": 2,
    "metrics_counted": 2
  },
  "commit": "0430c2e"
}