{
  "as_of": "2026-02-03T06:09:10.105894Z",
  "track": "pure_model",
  "domain_means": {
    "M": 0.6532058396538751,
    "WM": 0.31856,
    "K": 0.5038754099389519
  },
  "agi_percent": 14.8,
  "time_percent": 42.9,
  "counts": {
    "metrics_total": 3,
    "metrics_counted": 3
  },
  "commit": "16472e3"
}