{
  "as_of": "2026-01-19T05:24:23.212328Z",
  "track": "pure_model",
  "domain_means": {
    "M": 0.6597287887464346,
    "WM": 0.31746,
    "K": 0.5137975617194084
  },
  "agi_percent": 14.9,
  "time_percent": 42.9,
  "counts": {
    "metrics_total": 3,
    "metrics_counted": 3
  },
  "commit": "16f316a"
}