{
  "as_of": "2025-12-03T11:39:43.829777Z",
  "track": "pure_model",
  "domain_means": {
    "M": 0.6208218190320663,
    "WM": 0.31414,
    "K": 0.4974961877359156
  },
  "agi_percent": 14.3,
  "time_percent": 35.7,
  "counts": {
    "metrics_total": 3,
    "metrics_counted": 3
  },
  "commit": "b1b8bed"
}