{
  "as_of": "2026-01-19T14:54:41.737576Z",
  "track": "pure_model",
  "domain_means": {
    "M": 0.6594094305683166,
    "K": 0.5147484116970661
  },
  "agi_percent": 11.7,
  "time_percent": 42.9,
  "counts": {
    "metrics_total": 2,
    "metrics_counted": 2
  },
  "commit": "a5957c1"
}