{
  "as_of": "2025-12-25T00:57:58.005732Z",
  "track": "pure_model",
  "domain_means": {
    "M": 0.6397347130823644,
    "WM": 0.31561,
    "K": 0.5092297218958334
  },
  "agi_percent": 14.6,
  "time_percent": 35.7,
  "counts": {
    "metrics_total": 3,
    "metrics_counted": 3
  },
  "commit": "b0c33ba"
}