{
  "as_of": "2025-11-09T05:11:20.641755Z",
  "track": "pure_model",
  "domain_means": {
    "M": 0.5653615249149561,
    "WM": 0.3126,
    "K": 0.4759198592779667
  },
  "agi_percent": 13.5,
  "time_percent": 35.7,
  "counts": {
    "metrics_total": 3,
    "metrics_counted": 3
  },
  "commit": "bf70b7a"
}