{
  "as_of": "2026-01-26T05:31:26.153337Z",
  "track": "pure_model",
  "domain_means": {
    "M": 0.6520812935553874,
    "WM": 0.31799,
    "K": 0.5155118843960106
  },
  "agi_percent": 14.9,
  "time_percent": 42.9,
  "counts": {
    "metrics_total": 3,
    "metrics_counted": 3
  },
  "commit": "f1580f5"
}