{
  "as_of": "2026-07-07T11:23:33.505100Z",
  "track": "pure_model",
  "domain_means": {
    "WM": 0.32633,
    "M": 0.7273938924359551,
    "K": 0.3721660183986923
  },
  "agi_percent": 14.3,
  "time_percent": 42.9,
  "counts": {
    "metrics_total": 3,
    "metrics_counted": 3
  },
  "commit": "25374d5"
}