{
  "as_of": "2026-04-02T06:11:02.409227Z",
  "track": "pure_model",
  "domain_means": {
    "M": 0.6148700062106393,
    "WM": 0.3221,
    "K": 0.4863383894641467
  },
  "agi_percent": 14.2,
  "time_percent": 42.9,
  "counts": {
    "metrics_total": 3,
    "metrics_counted": 3
  },
  "commit": "890a178"
}