{
  "as_of": "2026-04-23T10:04:06.050115Z",
  "track": "pure_model",
  "domain_means": {
    "M": 0.6841835407582737,
    "K": 0.49779528904437415,
    "WM": 0.32339
  },
  "agi_percent": 15.1,
  "time_percent": 42.9,
  "counts": {
    "metrics_total": 3,
    "metrics_counted": 3
  },
  "commit": "5cc165f"
}