{
  "as_of": "2025-11-06T23:34:08.125288Z",
  "track": "pure_model",
  "domain_means": {
    "M": 0.5831665605966921,
    "WM": 0.31243,
    "K": 0.472509350286686
  },
  "agi_percent": 13.7,
  "time_percent": 35.7,
  "counts": {
    "metrics_total": 3,
    "metrics_counted": 3
  },
  "commit": "7437135"
}