{
  "as_of": "2026-04-20T12:45:49.845194Z",
  "track": "pure_model",
  "domain_means": {
    "WM": 0.32324,
    "K": 0.49734617231713846,
    "M": 0.6784934859668224
  },
  "agi_percent": 15.0,
  "time_percent": 42.9,
  "counts": {
    "metrics_total": 3,
    "metrics_counted": 3
  },
  "commit": "c84171e"
}