{
  "as_of": "2026-06-11T01:58:59.966345Z",
  "track": "pure_model",
  "domain_means": {
    "K": 0.4715506288051708,
    "WM": 0.32531,
    "M": 0.6495128338682367
  },
  "agi_percent": 14.5,
  "time_percent": 42.9,
  "counts": {
    "metrics_total": 3,
    "metrics_counted": 3
  },
  "commit": "e460918"
}