{
  "as_of": "2026-04-14T05:09:21.318647Z",
  "track": "pure_model",
  "domain_means": {
    "WM": 0.32275,
    "K": 0.5029779531605842,
    "M": 0.66242629080893
  },
  "agi_percent": 14.9,
  "time_percent": 42.9,
  "counts": {
    "metrics_total": 3,
    "metrics_counted": 3
  },
  "commit": "5b8663c"
}