{
  "as_of": "2025-11-14T05:17:36.847262Z",
  "track": "pure_model",
  "domain_means": {
    "M": 0.5438998885556671,
    "WM": 0.31289,
    "K": 0.48581196959000844
  },
  "agi_percent": 13.4,
  "time_percent": 35.7,
  "counts": {
    "metrics_total": 3,
    "metrics_counted": 3
  },
  "commit": "4feaa5c"
}