{
  "as_of": "2025-12-08T05:20:59.221808Z",
  "track": "pure_model",
  "domain_means": {
    "M": 0.6209852720491748,
    "WM": 0.28308,
    "K": 0.5048296175347963
  },
  "agi_percent": 14.1,
  "time_percent": 35.7,
  "counts": {
    "metrics_total": 3,
    "metrics_counted": 3
  },
  "commit": "6235f88"
}