{
  "as_of": "2025-11-21T15:36:37.471832Z",
  "track": "pure_model",
  "domain_means": {
    "M": 0.5629450732223872,
    "WM": 0.31333,
    "K": 0.4882364876190488
  },
  "agi_percent": 13.6,
  "time_percent": 35.7,
  "counts": {
    "metrics_total": 3,
    "metrics_counted": 3
  },
  "commit": "d32ff23"
}