{
  "as_of": "2026-04-30T16:57:56.973668Z",
  "track": "pure_model",
  "domain_means": {
    "K": 0.5002889521348334,
    "M": 0.6739984443130224
  },
  "agi_percent": 11.7,
  "time_percent": 42.9,
  "counts": {
    "metrics_total": 2,
    "metrics_counted": 2
  },
  "commit": "b332b51"
}