{
  "as_of": "2025-12-18T11:40:05.222800Z",
  "track": "pure_model",
  "domain_means": {
    "M": 0.6291226470919589,
    "WM": 0.31517,
    "K": 0.5099903146769925
  },
  "agi_percent": 14.5,
  "time_percent": 35.7,
  "counts": {
    "metrics_total": 3,
    "metrics_counted": 3
  },
  "commit": "66f3864"
}