{
  "as_of": "2025-12-27T00:56:55.286196Z",
  "track": "pure_model",
  "domain_means": {
    "M": 0.6384314447808573,
    "WM": 0.31571,
    "K": 0.5086539860076844
  },
  "agi_percent": 14.6,
  "time_percent": 35.7,
  "counts": {
    "metrics_total": 3,
    "metrics_counted": 3
  },
  "commit": "ff703b9"
}