{
  "as_of": "2026-05-30T08:00:09.747699Z",
  "track": "pure_model",
  "domain_means": {
    "K": 0.4964394913974124,
    "WM": 0.32497,
    "M": 0.6252260166208989
  },
  "agi_percent": 14.5,
  "time_percent": 42.9,
  "counts": {
    "metrics_total": 3,
    "metrics_counted": 3
  },
  "commit": "188dc7f"
}