{
  "as_of": "2025-10-30T06:50:30.142080Z",
  "track": "pure_model",
  "domain_means": {
    "M": 0.6013496577208799,
    "WM": 0.31188,
    "K": 0.43806482167505195
  },
  "agi_percent": 13.5,
  "time_percent": 35.7,
  "counts": {
    "metrics_total": 3,
    "metrics_counted": 3
  },
  "commit": "ab7de7e"
}