{
  "as_of": "2025-11-10T08:26:05.114832Z",
  "track": "pure_model",
  "domain_means": {
    "M": 0.5480788000999638,
    "WM": 0.31266,
    "K": 0.4797536325835344
  },
  "agi_percent": 13.4,
  "time_percent": 35.7,
  "counts": {
    "metrics_total": 3,
    "metrics_counted": 3
  },
  "commit": "41f7ee1"
}