{
  "as_of": "2025-12-10T09:22:30.048863Z",
  "track": "pure_model",
  "domain_means": {
    "M": 0.6210804494641383,
    "WM": 0.31455,
    "K": 0.5098641029385619
  },
  "agi_percent": 14.5,
  "time_percent": 35.7,
  "counts": {
    "metrics_total": 3,
    "metrics_counted": 3
  },
  "commit": "1547c53"
}