{
  "as_of": "2026-04-23T01:45:49.318645Z",
  "track": "pure_model",
  "domain_means": {
    "M": 0.6837332333108305,
    "K": 0.49764589288473227,
    "WM": 0.32338
  },
  "agi_percent": 15.0,
  "time_percent": 42.9,
  "counts": {
    "metrics_total": 3,
    "metrics_counted": 3
  },
  "commit": "76a98d4"
}