{
  "as_of": "2025-12-06T02:52:31.494615Z",
  "track": "pure_model",
  "domain_means": {
    "M": 0.6209172114765525,
    "WM": 0.31432,
    "K": 0.5003610102927513
  },
  "agi_percent": 14.4,
  "time_percent": 35.7,
  "counts": {
    "metrics_total": 3,
    "metrics_counted": 3
  },
  "commit": "0e95a8f"
}