{
  "as_of": "2026-03-11T20:24:10.880504Z",
  "track": "pure_model",
  "domain_means": {
    "M": 0.6355078275266847,
    "K": 0.4959818560669655,
    "WM": 0.32028
  },
  "agi_percent": 14.5,
  "time_percent": 42.9,
  "counts": {
    "metrics_total": 3,
    "metrics_counted": 3
  },
  "commit": "167e80b"
}