{
  "as_of": "2025-12-27T04:49:48.737082Z",
  "track": "pure_model",
  "domain_means": {
    "M": 0.6384314447808573,
    "WM": 0.31572,
    "K": 0.5086539860076844
  },
  "agi_percent": 14.6,
  "time_percent": 35.7,
  "counts": {
    "metrics_total": 3,
    "metrics_counted": 3
  },
  "commit": "e5c9dd5"
}