{
  "as_of": "2026-02-17T16:13:16.362125Z",
  "track": "pure_model",
  "domain_means": {
    "M": 0.6472674434870488,
    "K": 0.48806597537611895,
    "WM": 0.31913
  },
  "agi_percent": 14.5,
  "time_percent": 42.9,
  "counts": {
    "metrics_total": 3,
    "metrics_counted": 3
  },
  "commit": "c96aa8c"
}