{
  "as_of": "2025-11-07T07:17:08.364052Z",
  "track": "pure_model",
  "domain_means": {
    "M": 0.5831665605966921,
    "WM": 0.31244,
    "K": 0.47418300666904284
  },
  "agi_percent": 13.7,
  "time_percent": 35.7,
  "counts": {
    "metrics_total": 3,
    "metrics_counted": 3
  },
  "commit": "272d981"
}