{
  "as_of": "2026-01-06T11:37:58.852923Z",
  "track": "pure_model",
  "domain_means": {
    "M": 0.6337842211790586,
    "WM": 0.31681,
    "K": 0.5044902713265049
  },
  "agi_percent": 14.6,
  "time_percent": 42.9,
  "counts": {
    "metrics_total": 3,
    "metrics_counted": 3
  },
  "commit": "c12de68"
}