{
  "as_of": "2026-06-27T23:33:35.216834Z",
  "track": "pure_model",
  "domain_means": {
    "WM": 0.32598,
    "M": 0.7389829639971776,
    "K": 0.42421785274430396
  },
  "agi_percent": 14.9,
  "time_percent": 42.9,
  "counts": {
    "metrics_total": 3,
    "metrics_counted": 3
  },
  "commit": "1a60091"
}