{
  "as_of": "2026-01-19T20:14:12.206649Z",
  "track": "pure_model",
  "domain_means": {
    "M": 0.6594094305683166,
    "WM": 0.31749,
    "K": 0.5147484116970661
  },
  "agi_percent": 14.9,
  "time_percent": 42.9,
  "counts": {
    "metrics_total": 3,
    "metrics_counted": 3
  },
  "commit": "5961637"
}