{
  "as_of": "2026-06-28T13:16:45.129849Z",
  "track": "pure_model",
  "domain_means": {
    "M": 0.7389882942680773,
    "K": 0.4206244111352608
  },
  "agi_percent": 11.6,
  "time_percent": 42.9,
  "counts": {
    "metrics_total": 2,
    "metrics_counted": 2
  },
  "commit": "01cab96"
}