{
  "as_of": "2026-05-20T23:47:11.551058Z",
  "track": "pure_model",
  "domain_means": {
    "WM": 0.32465,
    "K": 0.5015751492997823,
    "M": 0.6396085929743988
  },
  "agi_percent": 14.7,
  "time_percent": 42.9,
  "counts": {
    "metrics_total": 3,
    "metrics_counted": 3
  },
  "commit": "0668737"
}