{
  "as_of": "2026-07-18T08:17:50.823871Z",
  "track": "pure_model",
  "domain_means": {
    "WM": 0.32675,
    "M": 0.6003252340222536,
    "K": 0.4310978841119592
  },
  "agi_percent": 13.6,
  "time_percent": 42.9,
  "counts": {
    "metrics_total": 3,
    "metrics_counted": 3
  },
  "commit": "61cb0eb"
}