{
  "as_of": "2025-12-22T22:42:30.102159Z",
  "track": "pure_model",
  "domain_means": {
    "M": 0.6287325101803334,
    "WM": 0.2687,
    "K": 0.5096743717325469
  },
  "agi_percent": 14.1,
  "time_percent": 35.7,
  "counts": {
    "metrics_total": 3,
    "metrics_counted": 3
  },
  "commit": "f1adac0"
}