{
  "as_of": "2026-04-19T23:01:13.655599Z",
  "track": "pure_model",
  "domain_means": {
    "WM": 0.32315,
    "K": 0.4974961877359156,
    "M": 0.6779505073400109
  },
  "agi_percent": 15.0,
  "time_percent": 42.9,
  "counts": {
    "metrics_total": 3,
    "metrics_counted": 3
  },
  "commit": "486508f"
}