{
  "as_of": "2026-06-25T23:19:33.681575Z",
  "track": "pure_model",
  "domain_means": {
    "WM": 0.32574,
    "M": 0.7389723022776634,
    "K": 0.4318441011710832
  },
  "agi_percent": 15.0,
  "time_percent": 42.9,
  "counts": {
    "metrics_total": 3,
    "metrics_counted": 3
  },
  "commit": "92e667e"
}