{
  "as_of": "2026-06-13T22:53:52.532354Z",
  "track": "pure_model",
  "domain_means": {
    "WM": 0.32542,
    "M": 0.5743451559501674,
    "K": 0.4397482094924396
  },
  "agi_percent": 13.4,
  "time_percent": 42.9,
  "counts": {
    "metrics_total": 3,
    "metrics_counted": 3
  },
  "commit": "37c5d1b"
}