{
  "as_of": "2026-06-20T12:13:18.751393Z",
  "track": "pure_model",
  "domain_means": {
    "WM": 0.32565,
    "M": 0.73884423899858,
    "K": 0.45097728538065324
  },
  "agi_percent": 15.2,
  "time_percent": 42.9,
  "counts": {
    "metrics_total": 3,
    "metrics_counted": 3
  },
  "commit": "ce8c678"
}