{
  "as_of": "2026-07-17T14:56:37.034774Z",
  "track": "pure_model",
  "domain_means": {
    "WM": 0.32672,
    "M": 0.6002890247100175,
    "K": 0.4310978841119592
  },
  "agi_percent": 13.6,
  "time_percent": 42.9,
  "counts": {
    "metrics_total": 3,
    "metrics_counted": 3
  },
  "commit": "e911812"
}