{
  "as_of": "2025-12-05T03:46:24.523670Z",
  "track": "pure_model",
  "domain_means": {
    "M": 0.6208490868469115,
    "WM": 0.31421,
    "K": 0.49853767928208254
  },
  "agi_percent": 14.3,
  "time_percent": 35.7,
  "counts": {
    "metrics_total": 3,
    "metrics_counted": 3
  },
  "commit": "9273e9e"
}