{
  "as_of": "2026-02-06T04:13:12.893030Z",
  "track": "pure_model",
  "domain_means": {
    "M": 0.6571005414736928,
    "WM": 0.31873,
    "K": 0.49970988973728314
  },
  "agi_percent": 14.8,
  "time_percent": 42.9,
  "counts": {
    "metrics_total": 3,
    "metrics_counted": 3
  },
  "commit": "47dc293"
}