{
  "as_of": "2025-11-11T06:27:17.212021Z",
  "track": "pure_model",
  "domain_means": {
    "M": 0.5480788000999638,
    "WM": 0.31271,
    "K": 0.4797536325835344
  },
  "agi_percent": 13.4,
  "time_percent": 35.7,
  "counts": {
    "metrics_total": 3,
    "metrics_counted": 3
  },
  "commit": "bde1789"
}