{
  "as_of": "2026-06-15T07:29:13.128384Z",
  "track": "pure_model",
  "domain_means": {
    "WM": 0.22351,
    "M": 0.5749130665312275,
    "K": 0.43599167527606686
  },
  "agi_percent": 12.3,
  "time_percent": 42.9,
  "counts": {
    "metrics_total": 3,
    "metrics_counted": 3
  },
  "commit": "c1ffbda"
}