{
  "as_of": "2025-11-13T07:17:21.745220Z",
  "track": "pure_model",
  "domain_means": {
    "M": 0.548339101893753,
    "WM": 0.31283,
    "K": 0.48572385951990676
  },
  "agi_percent": 13.5,
  "time_percent": 35.7,
  "counts": {
    "metrics_total": 3,
    "metrics_counted": 3
  },
  "commit": "ddc8048"
}