{
  "as_of": "2026-02-26T15:27:09.988669Z",
  "track": "pure_model",
  "domain_means": {
    "M": 0.6517440526659356,
    "K": 0.48483680903519266,
    "WM": 0.31958
  },
  "agi_percent": 14.6,
  "time_percent": 42.9,
  "counts": {
    "metrics_total": 3,
    "metrics_counted": 3
  },
  "commit": "c235124"
}