{
  "as_of": "2026-07-18T10:55:12.276721Z",
  "track": "pure_model",
  "domain_means": {
    "WM": 0.32676,
    "M": 0.6003252340222536,
    "K": 0.43202945956597777
  },
  "agi_percent": 13.6,
  "time_percent": 42.9,
  "counts": {
    "metrics_total": 3,
    "metrics_counted": 3
  },
  "commit": "0b8b892"
}