{
  "as_of": "2026-06-09T13:42:35.868050Z",
  "track": "pure_model",
  "domain_means": {
    "K": 0.47500554294829483,
    "WM": 0.32528,
    "M": 0.6495128338682367
  },
  "agi_percent": 14.5,
  "time_percent": 42.9,
  "counts": {
    "metrics_total": 3,
    "metrics_counted": 3
  },
  "commit": "47d0bb9"
}