{
  "as_of": "2025-11-04T08:24:11.081821Z",
  "track": "pure_model",
  "domain_means": {
    "M": 0.590096619417409,
    "WM": 0.31225,
    "K": 0.468035162154037
  },
  "agi_percent": 13.7,
  "time_percent": 35.7,
  "counts": {
    "metrics_total": 3,
    "metrics_counted": 3
  },
  "commit": "a26a7bf"
}