{
  "as_of": "2026-01-07T19:42:01.289151Z",
  "track": "pure_model",
  "domain_means": {
    "M": 0.6375926553817262,
    "K": 0.5044902713265049
  },
  "agi_percent": 11.4,
  "time_percent": 42.9,
  "counts": {
    "metrics_total": 2,
    "metrics_counted": 2
  },
  "commit": "02fe51f"
}