{
  "as_of": "2025-12-24T08:50:46.877993Z",
  "track": "pure_model",
  "domain_means": {
    "M": 0.6397347130823644,
    "K": 0.5092297218958334
  },
  "agi_percent": 11.5,
  "time_percent": 35.7,
  "counts": {
    "metrics_total": 2,
    "metrics_counted": 2
  },
  "commit": "93e4d59"
}