{
  "as_of": "2026-03-30T18:45:54.486746Z",
  "track": "pure_model",
  "domain_means": {
    "M": 0.6165962652331515,
    "WM": 0.32182,
    "K": 0.48983662940811107
  },
  "agi_percent": 14.3,
  "time_percent": 42.9,
  "counts": {
    "metrics_total": 3,
    "metrics_counted": 3
  },
  "commit": "162a390"
}