{
  "as_of": "2026-04-22T17:58:51.881805Z",
  "track": "pure_model",
  "domain_means": {
    "M": 0.6837332333108305,
    "K": 0.49764589288473227,
    "WM": 0.32336
  },
  "agi_percent": 15.0,
  "time_percent": 42.9,
  "counts": {
    "metrics_total": 3,
    "metrics_counted": 3
  },
  "commit": "86321d8"
}