{
  "as_of": "2026-07-12T09:42:13.900014Z",
  "track": "pure_model",
  "domain_means": {
    "WM": 0.32656,
    "M": 0.7273375661417414,
    "K": 0.4280336206778325
  },
  "agi_percent": 14.8,
  "time_percent": 42.9,
  "counts": {
    "metrics_total": 3,
    "metrics_counted": 3
  },
  "commit": "0c5f86f"
}