{
  "as_of": "2026-03-01T17:46:03.066278Z",
  "track": "pure_model",
  "domain_means": {
    "M": 0.6529875703441236,
    "K": 0.4917274757293539,
    "WM": 0.3198
  },
  "agi_percent": 14.6,
  "time_percent": 42.9,
  "counts": {
    "metrics_total": 3,
    "metrics_counted": 3
  },
  "commit": "7b59192"
}