{
  "as_of": "2025-12-23T17:42:45.002469Z",
  "track": "pure_model",
  "domain_means": {
    "M": 0.640932348860004,
    "WM": 0.11456,
    "K": 0.5096743717325469
  },
  "agi_percent": 12.7,
  "time_percent": 35.7,
  "counts": {
    "metrics_total": 3,
    "metrics_counted": 3
  },
  "commit": "a2645dd"
}