{
  "as_of": "2026-02-02T08:31:30.071121Z",
  "track": "pure_model",
  "domain_means": {
    "M": 0.6532058396538751,
    "WM": 0.31846,
    "K": 0.5038754099389519
  },
  "agi_percent": 14.8,
  "time_percent": 42.9,
  "counts": {
    "metrics_total": 3,
    "metrics_counted": 3
  },
  "commit": "f91bf59"
}