{
  "as_of": "2026-06-13T23:39:10.804050Z",
  "track": "pure_model",
  "domain_means": {
    "WM": 0.32542,
    "M": 0.5743451559501674,
    "K": 0.4397482094924396
  },
  "agi_percent": 13.4,
  "time_percent": 42.9,
  "counts": {
    "metrics_total": 3,
    "metrics_counted": 3
  },
  "commit": "c0c3ac4"
}