{
  "as_of": "2025-12-21T17:15:47.170503Z",
  "track": "pure_model",
  "domain_means": {
    "M": 0.6252260166208989,
    "WM": 0.3154,
    "K": 0.5113024185269733
  },
  "agi_percent": 14.5,
  "time_percent": 35.7,
  "counts": {
    "metrics_total": 3,
    "metrics_counted": 3
  },
  "commit": "c20c63d"
}