{
  "as_of": "2025-11-12T09:14:00.407184Z",
  "track": "pure_model",
  "domain_means": {
    "M": 0.548339101893753,
    "WM": 0.31276,
    "K": 0.48357638689935206
  },
  "agi_percent": 13.4,
  "time_percent": 35.7,
  "counts": {
    "metrics_total": 3,
    "metrics_counted": 3
  },
  "commit": "f2a1e3a"
}