{
  "as_of": "2026-02-09T10:00:14.274054Z",
  "track": "pure_model",
  "domain_means": {
    "M": 0.6578974502807902,
    "WM": 0.3189,
    "K": 0.4967429820460167
  },
  "agi_percent": 14.7,
  "time_percent": 42.9,
  "counts": {
    "metrics_total": 3,
    "metrics_counted": 3
  },
  "commit": "4b01470"
}