{
  "as_of": "2026-04-08T12:57:49.670672Z",
  "track": "pure_model",
  "domain_means": {
    "WM": 0.32246,
    "K": 0.5065028869995687,
    "M": 0.6592973214861519
  },
  "agi_percent": 14.9,
  "time_percent": 42.9,
  "counts": {
    "metrics_total": 3,
    "metrics_counted": 3
  },
  "commit": "e11d3e0"
}