{
  "as_of": "2025-12-14T19:36:34.157427Z",
  "track": "pure_model",
  "domain_means": {
    "M": 0.6213246182574661,
    "WM": 0.31481,
    "K": 0.5105555598252917
  },
  "agi_percent": 14.5,
  "time_percent": 35.7,
  "counts": {
    "metrics_total": 3,
    "metrics_counted": 3
  },
  "commit": "07c3a17"
}