{
  "as_of": "2026-01-13T10:50:55.829330Z",
  "track": "pure_model",
  "domain_means": {
    "M": 0.65074985923297,
    "K": 0.5082030037783636
  },
  "agi_percent": 11.6,
  "time_percent": 42.9,
  "counts": {
    "metrics_total": 2,
    "metrics_counted": 2
  },
  "commit": "b7e676b"
}