{
  "as_of": "2026-02-03T22:57:56.697059Z",
  "track": "pure_model",
  "domain_means": {
    "M": 0.6544161315455367,
    "WM": 0.3186,
    "K": 0.5029084549184227
  },
  "agi_percent": 14.8,
  "time_percent": 42.9,
  "counts": {
    "metrics_total": 3,
    "metrics_counted": 3
  },
  "commit": "b2d5ad8"
}