{
  "as_of": "2026-05-08T05:14:27.710771Z",
  "track": "pure_model",
  "domain_means": {
    "WM": 0.32426,
    "K": 0.4854588839452205,
    "M": 0.6487937057693028
  },
  "agi_percent": 14.6,
  "time_percent": 42.9,
  "counts": {
    "metrics_total": 3,
    "metrics_counted": 3
  },
  "commit": "3b285f1"
}