{
  "as_of": "2026-03-05T15:40:41.512497Z",
  "track": "pure_model",
  "domain_means": {
    "M": 0.6463436635483354,
    "K": 0.4952899318146297,
    "WM": 0.32002
  },
  "agi_percent": 14.6,
  "time_percent": 42.9,
  "counts": {
    "metrics_total": 3,
    "metrics_counted": 3
  },
  "commit": "c840766"
}