{
  "as_of": "2025-10-28T03:58:40.832670Z",
  "track": "pure_model",
  "domain_means": {
    "M": 0.6036677788344674,
    "WM": 0.3118,
    "K": 0.4323987583959044
  },
  "agi_percent": 13.5,
  "time_percent": 35.7,
  "counts": {
    "metrics_total": 3,
    "metrics_counted": 3
  },
  "commit": "43dd207"
}