{
  "as_of": "2026-06-15T23:19:37.592109Z",
  "track": "pure_model",
  "domain_means": {
    "WM": 0.32556,
    "M": 0.7144730083431688,
    "K": 0.43599167527606686
  },
  "agi_percent": 14.8,
  "time_percent": 42.9,
  "counts": {
    "metrics_total": 3,
    "metrics_counted": 3
  },
  "commit": "2d2ed7e"
}