{
  "as_of": "2026-03-13T01:12:03.877048Z",
  "track": "pure_model",
  "domain_means": {
    "M": 0.6346567868692499,
    "K": 0.4962110354045488
  },
  "agi_percent": 11.3,
  "time_percent": 42.9,
  "counts": {
    "metrics_total": 2,
    "metrics_counted": 2
  },
  "commit": "74c8459"
}