{
  "as_of": "2026-06-30T08:28:01.524588Z",
  "track": "pure_model",
  "domain_means": {
    "WM": 0.3261,
    "M": 0.7414433252451551,
    "K": 0.40989874795987186
  },
  "agi_percent": 14.8,
  "time_percent": 42.9,
  "counts": {
    "metrics_total": 3,
    "metrics_counted": 3
  },
  "commit": "92a6ae6"
}