{
  "as_of": "2025-10-26T15:41:38.378867Z",
  "track": "pure_model",
  "domain_means": {
    "M": 0.6052067967059181,
    "WM": 0.3117,
    "K": 0.4280336206778325
  },
  "agi_percent": 13.4,
  "time_percent": 35.7,
  "counts": {
    "metrics_total": 3,
    "metrics_counted": 3
  },
  "commit": "6bb854b"
}