{
  "as_of": "2025-12-13T07:40:07.196859Z",
  "track": "pure_model",
  "domain_means": {
    "M": 0.6211890706267481,
    "K": 0.5103676348032854
  },
  "agi_percent": 11.3,
  "time_percent": 35.7,
  "counts": {
    "metrics_total": 2,
    "metrics_counted": 2
  },
  "commit": "e157080"
}