{
  "as_of": "2025-11-27T16:14:39.245875Z",
  "track": "pure_model",
  "domain_means": {
    "M": 0.5890889593341859,
    "WM": 0.31383,
    "K": 0.49261462505225095
  },
  "agi_percent": 14.0,
  "time_percent": 35.7,
  "counts": {
    "metrics_total": 3,
    "metrics_counted": 3
  },
  "commit": "e3f8b3f"
}