{
  "as_of": "2026-01-21T21:22:22.762479Z",
  "track": "pure_model",
  "domain_means": {
    "M": 0.6516461363317322,
    "K": 0.5169578456577277
  },
  "agi_percent": 11.7,
  "time_percent": 42.9,
  "counts": {
    "metrics_total": 2,
    "metrics_counted": 2
  },
  "commit": "6246013"
}