{
  "as_of": "2026-02-10T04:40:42.958144Z",
  "track": "pure_model",
  "domain_means": {
    "M": 0.6578974502807902,
    "WM": 0.31894,
    "K": 0.4967429820460167
  },
  "agi_percent": 14.7,
  "time_percent": 42.9,
  "counts": {
    "metrics_total": 3,
    "metrics_counted": 3
  },
  "commit": "db3a031"
}