{
  "as_of": "2025-12-20T07:16:26.295970Z",
  "track": "pure_model",
  "domain_means": {
    "M": 0.6254438238534953,
    "WM": 0.31531,
    "K": 0.5124694067741958
  },
  "agi_percent": 14.5,
  "time_percent": 35.7,
  "counts": {
    "metrics_total": 3,
    "metrics_counted": 3
  },
  "commit": "16a7ec7"
}