{
  "as_of": "2025-10-26T07:38:56.105044Z",
  "track": "pure_model",
  "domain_means": {
    "M": 0.6052067967059181,
    "WM": 0.31167,
    "K": 0.4280336206778325
  },
  "agi_percent": 13.4,
  "time_percent": 35.7,
  "counts": {
    "metrics_total": 3,
    "metrics_counted": 3
  },
  "commit": "56e9f9a"
}