{
  "as_of": "2026-01-25T05:26:43.848240Z",
  "track": "pure_model",
  "domain_means": {
    "M": 0.6533016700283659,
    "WM": 0.31789,
    "K": 0.5157451881069408
  },
  "agi_percent": 14.9,
  "time_percent": 42.9,
  "counts": {
    "metrics_total": 3,
    "metrics_counted": 3
  },
  "commit": "b43799d"
}