{
  "as_of": "2026-05-14T20:51:42.884647Z",
  "track": "pure_model",
  "domain_means": {
    "K": 0.5016459389520267,
    "M": 0.6430293563303907
  },
  "agi_percent": 11.4,
  "time_percent": 42.9,
  "counts": {
    "metrics_total": 2,
    "metrics_counted": 2
  },
  "commit": "8a597a3"
}