{
  "as_of": "2026-05-27T23:43:30.968786Z",
  "track": "pure_model",
  "domain_means": {
    "WM": 0.32489,
    "K": 0.4986115012299914,
    "M": 0.628413968238518
  },
  "agi_percent": 14.5,
  "time_percent": 42.9,
  "counts": {
    "metrics_total": 3,
    "metrics_counted": 3
  },
  "commit": "1b96d60"
}