{
  "as_of": "2026-01-03T11:15:05.795527Z",
  "track": "pure_model",
  "domain_means": {
    "M": 0.6339095192747356,
    "WM": 0.31646,
    "K": 0.505971637542138
  },
  "agi_percent": 14.6,
  "time_percent": 42.9,
  "counts": {
    "metrics_total": 3,
    "metrics_counted": 3
  },
  "commit": "623dd3c"
}