{
  "as_of": "2026-06-02T12:24:23.572119Z",
  "track": "pure_model",
  "domain_means": {
    "K": 0.492132073840682,
    "WM": 0.32509,
    "M": 0.6214869410621432
  },
  "agi_percent": 14.4,
  "time_percent": 42.9,
  "counts": {
    "metrics_total": 3,
    "metrics_counted": 3
  },
  "commit": "9a6a16b"
}