{
  "as_of": "2026-03-10T19:37:52.370158Z",
  "track": "pure_model",
  "domain_means": {
    "M": 0.6328894667958916,
    "K": 0.49575194878955475
  },
  "agi_percent": 11.3,
  "time_percent": 42.9,
  "counts": {
    "metrics_total": 2,
    "metrics_counted": 2
  },
  "commit": "aa82e46"
}