{
  "as_of": "2025-12-24T15:12:57.519877Z",
  "track": "pure_model",
  "domain_means": {
    "M": 0.6397347130823644,
    "WM": 0.3156,
    "K": 0.5092297218958334
  },
  "agi_percent": 14.6,
  "time_percent": 35.7,
  "counts": {
    "metrics_total": 3,
    "metrics_counted": 3
  },
  "commit": "97d60b9"
}