{
  "as_of": "2026-02-03T03:44:57.456440Z",
  "track": "pure_model",
  "domain_means": {
    "M": 0.6532058396538751,
    "WM": 0.31855,
    "K": 0.5038754099389519
  },
  "agi_percent": 14.8,
  "time_percent": 42.9,
  "counts": {
    "metrics_total": 3,
    "metrics_counted": 3
  },
  "commit": "0622858"
}