{
  "as_of": "2026-07-01T18:54:18.512405Z",
  "track": "pure_model",
  "domain_means": {
    "WM": 0.32611,
    "M": 0.7458531485212778,
    "K": 0.40629176047006466
  },
  "agi_percent": 14.8,
  "time_percent": 42.9,
  "counts": {
    "metrics_total": 3,
    "metrics_counted": 3
  },
  "commit": "f2f86be"
}