{
  "as_of": "2026-03-07T15:42:25.230483Z",
  "track": "pure_model",
  "domain_means": {
    "M": 0.6425663327756781,
    "K": 0.4959818560669655,
    "WM": 0.32008
  },
  "agi_percent": 14.6,
  "time_percent": 42.9,
  "counts": {
    "metrics_total": 3,
    "metrics_counted": 3
  },
  "commit": "88e8aaa"
}