{
  "as_of": "2025-11-03T10:46:01.740901Z",
  "track": "pure_model",
  "domain_means": {
    "M": 0.5886223848794251,
    "WM": 0.31217,
    "K": 0.4657480077765283
  },
  "agi_percent": 13.7,
  "time_percent": 35.7,
  "counts": {
    "metrics_total": 3,
    "metrics_counted": 3
  },
  "commit": "8e25169"
}