{
  "as_of": "2026-05-28T22:14:04.912445Z",
  "track": "pure_model",
  "domain_means": {
    "K": 0.49764589288473227,
    "WM": 0.32492,
    "M": 0.6279335113417226
  },
  "agi_percent": 14.5,
  "time_percent": 42.9,
  "counts": {
    "metrics_total": 3,
    "metrics_counted": 3
  },
  "commit": "5db9952"
}