{
  "as_of": "2026-05-09T07:22:29.026509Z",
  "track": "pure_model",
  "domain_means": {
    "WM": 0.3243,
    "K": 0.4863383894641467,
    "M": 0.6485152044112873
  },
  "agi_percent": 14.6,
  "time_percent": 42.9,
  "counts": {
    "metrics_total": 3,
    "metrics_counted": 3
  },
  "commit": "f3da95d"
}