{
  "as_of": "2025-10-23T08:52:17.746259Z",
  "track": "pure_model",
  "domain_means": {
    "M": 0.6131925402138924,
    "K": 0.4199713322959531
  },
  "agi_percent": 10.3,
  "time_percent": 35.7,
  "counts": {
    "metrics_total": 2,
    "metrics_counted": 2
  },
  "commit": "63d3d6a"
}