{
  "as_of": "2026-05-14T09:14:30.449466Z",
  "track": "pure_model",
  "domain_means": {
    "WM": 0.32441,
    "K": 0.5016459389520267,
    "M": 0.6430293563303907
  },
  "agi_percent": 14.7,
  "time_percent": 42.9,
  "counts": {
    "metrics_total": 3,
    "metrics_counted": 3
  },
  "commit": "c94c482"
}