{
  "as_of": "2026-01-05T06:33:12.835594Z",
  "track": "pure_model",
  "domain_means": {
    "M": 0.6330623961135936,
    "WM": 0.04699,
    "K": 0.5051673802272562
  },
  "agi_percent": 11.9,
  "time_percent": 42.9,
  "counts": {
    "metrics_total": 3,
    "metrics_counted": 3
  },
  "commit": "02c8d33"
}