{
  "as_of": "2025-12-18T15:21:05.540523Z",
  "track": "pure_model",
  "domain_means": {
    "M": 0.6332349132691878,
    "WM": 0.31518,
    "K": 0.5121029127575395
  },
  "agi_percent": 14.6,
  "time_percent": 35.7,
  "counts": {
    "metrics_total": 3,
    "metrics_counted": 3
  },
  "commit": "61b7f4f"
}