{
  "as_of": "2026-03-17T15:35:00.852691Z",
  "track": "pure_model",
  "domain_means": {
    "M": 0.6318079839942387,
    "K": 0.4945913293698103,
    "WM": 0.32057
  },
  "agi_percent": 14.5,
  "time_percent": 42.9,
  "counts": {
    "metrics_total": 3,
    "metrics_counted": 3
  },
  "commit": "725c0cf"
}