{
  "as_of": "2025-12-09T20:39:34.105565Z",
  "track": "pure_model",
  "domain_means": {
    "M": 0.6210804494641383,
    "WM": 0.31453,
    "K": 0.5087181832745539
  },
  "agi_percent": 14.4,
  "time_percent": 35.7,
  "counts": {
    "metrics_total": 3,
    "metrics_counted": 3
  },
  "commit": "455c9ec"
}