{
  "as_of": "2026-04-26T04:00:49.700065Z",
  "track": "pure_model",
  "domain_means": {
    "K": 0.4986115012299914,
    "M": 0.6846649403779187
  },
  "agi_percent": 11.8,
  "time_percent": 42.9,
  "counts": {
    "metrics_total": 2,
    "metrics_counted": 2
  },
  "commit": "e2e421f"
}