{
  "as_of": "2026-01-04T21:37:41.241333Z",
  "track": "pure_model",
  "domain_means": {
    "M": 0.6330623961135936,
    "WM": 0.31664,
    "K": 0.5051673802272562
  },
  "agi_percent": 14.5,
  "time_percent": 42.9,
  "counts": {
    "metrics_total": 3,
    "metrics_counted": 3
  },
  "commit": "cf10b0c"
}