{
  "as_of": "2026-03-03T08:39:08.360241Z",
  "track": "pure_model",
  "domain_means": {
    "M": 0.6495495203432494,
    "K": 0.4936492456113084,
    "WM": 0.31992
  },
  "agi_percent": 14.6,
  "time_percent": 42.9,
  "counts": {
    "metrics_total": 3,
    "metrics_counted": 3
  },
  "commit": "4762844"
}