{
  "as_of": "2026-03-26T18:01:04.026832Z",
  "track": "pure_model",
  "domain_means": {
    "M": 0.6283771230284322,
    "WM": 0.32131,
    "K": 0.4920513349436875
  },
  "agi_percent": 14.4,
  "time_percent": 42.9,
  "counts": {
    "metrics_total": 3,
    "metrics_counted": 3
  },
  "commit": "b423309"
}