{
  "as_of": "2026-05-21T02:12:25.782102Z",
  "track": "pure_model",
  "domain_means": {
    "WM": 0.32466,
    "K": 0.5015751492997823,
    "M": 0.6396085929743988
  },
  "agi_percent": 14.7,
  "time_percent": 42.9,
  "counts": {
    "metrics_total": 3,
    "metrics_counted": 3
  },
  "commit": "8b09774"
}