{
  "as_of": "2026-06-12T19:28:48.919024Z",
  "track": "pure_model",
  "domain_means": {
    "WM": 0.32539,
    "M": 0.6497966688816376,
    "K": 0.46398392987878917
  },
  "agi_percent": 14.4,
  "time_percent": 42.9,
  "counts": {
    "metrics_total": 3,
    "metrics_counted": 3
  },
  "commit": "2f62d89"
}