{
  "as_of": "2025-11-17T08:26:16.507145Z",
  "track": "pure_model",
  "domain_means": {
    "M": 0.5443719494483156,
    "WM": 0.31303,
    "K": 0.48806597537611895
  },
  "agi_percent": 13.5,
  "time_percent": 35.7,
  "counts": {
    "metrics_total": 3,
    "metrics_counted": 3
  },
  "commit": "6d850da"
}