{
  "as_of": "2026-02-15T10:24:31.327682Z",
  "track": "pure_model",
  "domain_means": {
    "M": 0.6473998042594477,
    "K": 0.4891671919089425,
    "WM": 0.31904
  },
  "agi_percent": 14.6,
  "time_percent": 42.9,
  "counts": {
    "metrics_total": 3,
    "metrics_counted": 3
  },
  "commit": "f9ed40d"
}