{
  "as_of": "2026-04-20T05:31:32.861586Z",
  "track": "pure_model",
  "domain_means": {
    "WM": 0.32319,
    "K": 0.4974961877359156,
    "M": 0.6779505073400109
  },
  "agi_percent": 15.0,
  "time_percent": 42.9,
  "counts": {
    "metrics_total": 3,
    "metrics_counted": 3
  },
  "commit": "526b492"
}