{
  "as_of": "2026-06-11T11:52:18.470260Z",
  "track": "pure_model",
  "domain_means": {
    "WM": 0.32535,
    "M": 0.6495128338682367,
    "K": 0.4715506288051708
  },
  "agi_percent": 14.5,
  "time_percent": 42.9,
  "counts": {
    "metrics_total": 3,
    "metrics_counted": 3
  },
  "commit": "3db3369"
}