{
  "as_of": "2025-11-23T05:16:33.478082Z",
  "track": "pure_model",
  "domain_means": {
    "M": 0.5645056168803938,
    "WM": 0.31345,
    "K": 0.48925121097078544
  },
  "agi_percent": 13.7,
  "time_percent": 35.7,
  "counts": {
    "metrics_total": 3,
    "metrics_counted": 3
  },
  "commit": "0ae3697"
}