{
  "as_of": "2026-04-07T04:26:09.442826Z",
  "track": "pure_model",
  "domain_means": {
    "M": 0.6594014285326387,
    "K": 0.5024200897929872
  },
  "agi_percent": 11.6,
  "time_percent": 42.9,
  "counts": {
    "metrics_total": 2,
    "metrics_counted": 2
  },
  "commit": "d09c6c4"
}