{
  "as_of": "2026-02-22T22:21:48.187965Z",
  "track": "pure_model",
  "domain_means": {
    "M": 0.6467164985709587,
    "WM": 0.3193,
    "K": 0.48330341707118274
  },
  "agi_percent": 14.5,
  "time_percent": 42.9,
  "counts": {
    "metrics_total": 3,
    "metrics_counted": 3
  },
  "commit": "8937d68"
}