{
  "as_of": "2026-05-22T23:57:53.921812Z",
  "track": "pure_model",
  "domain_means": {
    "WM": 0.32471,
    "K": 0.5007202289637738,
    "M": 0.6356190653135242
  },
  "agi_percent": 14.6,
  "time_percent": 42.9,
  "counts": {
    "metrics_total": 3,
    "metrics_counted": 3
  },
  "commit": "fa1129f"
}