{
  "as_of": "2026-05-13T02:08:06.901884Z",
  "track": "pure_model",
  "domain_means": {
    "WM": 0.32437,
    "K": 0.4959053014182105,
    "M": 0.6468403513655676
  },
  "agi_percent": 14.7,
  "time_percent": 42.9,
  "counts": {
    "metrics_total": 3,
    "metrics_counted": 3
  },
  "commit": "9b409cb"
}