{
  "as_of": "2025-11-12T06:49:43.745380Z",
  "track": "pure_model",
  "domain_means": {
    "M": 0.5504606180788303,
    "WM": 0.31276,
    "K": 0.48201576711508004
  },
  "agi_percent": 13.5,
  "time_percent": 35.7,
  "counts": {
    "metrics_total": 3,
    "metrics_counted": 3
  },
  "commit": "a559b62"
}