{
  "as_of": "2026-02-04T20:57:46.624192Z",
  "track": "pure_model",
  "domain_means": {
    "M": 0.6576437207482696,
    "WM": 0.31864,
    "K": 0.5011489513246501
  },
  "agi_percent": 14.8,
  "time_percent": 42.9,
  "counts": {
    "metrics_total": 3,
    "metrics_counted": 3
  },
  "commit": "5a99f90"
}