{
  "as_of": "2026-06-18T02:48:08.538215Z",
  "track": "pure_model",
  "domain_means": {
    "WM": 0.32557,
    "M": 0.7209329588100032,
    "K": 0.43599167527606686
  },
  "agi_percent": 14.8,
  "time_percent": 42.9,
  "counts": {
    "metrics_total": 3,
    "metrics_counted": 3
  },
  "commit": "9852c2a"
}