{
  "as_of": "2026-06-05T21:53:09.360604Z",
  "track": "pure_model",
  "domain_means": {
    "K": 0.48789506050650394,
    "WM": 0.32514,
    "M": 0.6202880330954647
  },
  "agi_percent": 14.3,
  "time_percent": 42.9,
  "counts": {
    "metrics_total": 3,
    "metrics_counted": 3
  },
  "commit": "34ba60a"
}