{
  "as_of": "2026-05-27T17:38:16.141383Z",
  "track": "pure_model",
  "domain_means": {
    "K": 0.4986115012299914,
    "WM": 0.32488,
    "M": 0.628413968238518
  },
  "agi_percent": 14.5,
  "time_percent": 42.9,
  "counts": {
    "metrics_total": 3,
    "metrics_counted": 3
  },
  "commit": "5b3d0db"
}