{
  "as_of": "2026-04-21T18:01:29.867162Z",
  "track": "pure_model",
  "domain_means": {
    "M": 0.6803265110500797,
    "K": 0.4974961877359156,
    "WM": 0.32328
  },
  "agi_percent": 15.0,
  "time_percent": 42.9,
  "counts": {
    "metrics_total": 3,
    "metrics_counted": 3
  },
  "commit": "2dc0cc9"
}