{
  "as_of": "2025-12-16T15:42:37.275543Z",
  "track": "pure_model",
  "domain_means": {
    "M": 0.6277850345437098,
    "WM": 0.31501,
    "K": 0.5107429982044864
  },
  "agi_percent": 14.5,
  "time_percent": 35.7,
  "counts": {
    "metrics_total": 3,
    "metrics_counted": 3
  },
  "commit": "9a96d26"
}