{
  "as_of": "2026-02-27T17:58:13.340672Z",
  "track": "pure_model",
  "domain_means": {
    "M": 0.6528212443521654,
    "K": 0.48703437957316936,
    "WM": 0.31964
  },
  "agi_percent": 14.6,
  "time_percent": 42.9,
  "counts": {
    "metrics_total": 3,
    "metrics_counted": 3
  },
  "commit": "848c392"
}