{
  "as_of": "2025-12-28T03:20:26.741965Z",
  "track": "pure_model",
  "domain_means": {
    "M": 0.6387301933745068,
    "K": 0.5080736339250674
  },
  "agi_percent": 11.5,
  "time_percent": 35.7,
  "counts": {
    "metrics_total": 2,
    "metrics_counted": 2
  },
  "commit": "e79f4f2"
}