{
  "as_of": "2026-07-03T13:21:13.676511Z",
  "track": "pure_model",
  "domain_means": {
    "WM": 0.32619,
    "M": 0.7481105842691124,
    "K": 0.39424799748181666
  },
  "agi_percent": 14.7,
  "time_percent": 42.9,
  "counts": {
    "metrics_total": 3,
    "metrics_counted": 3
  },
  "commit": "6fe4252"
}