{
  "as_of": "2026-06-24T09:55:42.176766Z",
  "track": "pure_model",
  "domain_means": {
    "WM": 0.3257,
    "M": 0.7389349738872864,
    "K": 0.43616672352014985
  },
  "agi_percent": 15.0,
  "time_percent": 42.9,
  "counts": {
    "metrics_total": 3,
    "metrics_counted": 3
  },
  "commit": "ef5ff61"
}