{
  "as_of": "2025-11-19T21:33:45.635825Z",
  "track": "pure_model",
  "domain_means": {
    "M": 0.547103685479677,
    "WM": 0.3132,
    "K": 0.48840659912778334
  },
  "agi_percent": 13.5,
  "time_percent": 35.7,
  "counts": {
    "metrics_total": 3,
    "metrics_counted": 3
  },
  "commit": "c0ec90d"
}