{
  "as_of": "2026-06-10T17:40:25.177311Z",
  "track": "pure_model",
  "domain_means": {
    "WM": 0.32526,
    "M": 0.6495128338682367,
    "K": 0.4715506288051708
  },
  "agi_percent": 14.5,
  "time_percent": 42.9,
  "counts": {
    "metrics_total": 3,
    "metrics_counted": 3
  },
  "commit": "8f6338d"
}