{
  "as_of": "2026-06-09T23:50:26.571798Z",
  "track": "pure_model",
  "domain_means": {
    "WM": 0.32527,
    "M": 0.6495128338682367,
    "K": 0.47500554294829483
  },
  "agi_percent": 14.5,
  "time_percent": 42.9,
  "counts": {
    "metrics_total": 3,
    "metrics_counted": 3
  },
  "commit": "fad7c8b"
}