{
  "as_of": "2026-06-19T19:46:14.313263Z",
  "track": "pure_model",
  "domain_means": {
    "WM": 0.32563,
    "M": 0.7388362275155727,
    "K": 0.45280628721658744
  },
  "agi_percent": 15.2,
  "time_percent": 42.9,
  "counts": {
    "metrics_total": 3,
    "metrics_counted": 3
  },
  "commit": "ad3f182"
}