{
  "as_of": "2026-03-26T06:11:04.015678Z",
  "track": "pure_model",
  "domain_means": {
    "M": 0.6305672135204272,
    "WM": 0.32104,
    "K": 0.4928546996128022
  },
  "agi_percent": 14.4,
  "time_percent": 42.9,
  "counts": {
    "metrics_total": 3,
    "metrics_counted": 3
  },
  "commit": "e4f813d"
}