{
  "as_of": "2026-01-09T04:02:33.648085Z",
  "track": "pure_model",
  "domain_means": {
    "M": 0.6377007372498754,
    "WM": 0.31698,
    "K": 0.5035315498449897
  },
  "agi_percent": 14.6,
  "time_percent": 42.9,
  "counts": {
    "metrics_total": 3,
    "metrics_counted": 3
  },
  "commit": "f9c619d"
}