{
  "as_of": "2026-02-28T18:53:02.887318Z",
  "track": "pure_model",
  "domain_means": {
    "M": 0.6535103151317131,
    "K": 0.48941895707981553,
    "WM": 0.31973
  },
  "agi_percent": 14.6,
  "time_percent": 42.9,
  "counts": {
    "metrics_total": 3,
    "metrics_counted": 3
  },
  "commit": "15d7375"
}