{
  "as_of": "2025-11-24T22:10:38.308813Z",
  "track": "pure_model",
  "domain_means": {
    "M": 0.563849488324849,
    "WM": 0.31364,
    "K": 0.49066481251229527
  },
  "agi_percent": 13.7,
  "time_percent": 35.7,
  "counts": {
    "metrics_total": 3,
    "metrics_counted": 3
  },
  "commit": "6d84ff5"
}