{
  "as_of": "2026-03-09T12:37:20.459444Z",
  "track": "pure_model",
  "domain_means": {
    "M": 0.6319718246124727,
    "K": 0.49575194878955475,
    "WM": 0.32019
  },
  "agi_percent": 14.5,
  "time_percent": 42.9,
  "counts": {
    "metrics_total": 3,
    "metrics_counted": 3
  },
  "commit": "2a338c8"
}