{
  "as_of": "2026-01-16T17:22:22.632497Z",
  "track": "pure_model",
  "domain_means": {
    "M": 0.6559514579737772,
    "WM": 0.31734,
    "K": 0.5134377478203009
  },
  "agi_percent": 14.9,
  "time_percent": 42.9,
  "counts": {
    "metrics_total": 3,
    "metrics_counted": 3
  },
  "commit": "4992345"
}