{
  "as_of": "2026-05-15T13:29:19.460470Z",
  "track": "pure_model",
  "domain_means": {
    "WM": 0.32443,
    "K": 0.5029084549184227,
    "M": 0.6426168051392395
  },
  "agi_percent": 14.7,
  "time_percent": 42.9,
  "counts": {
    "metrics_total": 3,
    "metrics_counted": 3
  },
  "commit": "9abc6f5"
}