{
  "as_of": "2026-05-17T11:03:21.544413Z",
  "track": "pure_model",
  "domain_means": {
    "WM": 0.32459,
    "K": 0.5022799495485321,
    "M": 0.6418458008714811
  },
  "agi_percent": 14.7,
  "time_percent": 42.9,
  "counts": {
    "metrics_total": 3,
    "metrics_counted": 3
  },
  "commit": "c64d080"
}