{
  "as_of": "2026-03-08T07:51:19.755195Z",
  "track": "pure_model",
  "domain_means": {
    "M": 0.6327508252588827,
    "K": 0.49521264145635085
  },
  "agi_percent": 11.3,
  "time_percent": 42.9,
  "counts": {
    "metrics_total": 2,
    "metrics_counted": 2
  },
  "commit": "30ed754"
}