{
  "as_of": "2026-07-13T13:11:16.153058Z",
  "track": "pure_model",
  "domain_means": {
    "WM": 0.32665,
    "M": 0.6876181543287755,
    "K": 0.42900521128795316
  },
  "agi_percent": 14.4,
  "time_percent": 42.9,
  "counts": {
    "metrics_total": 3,
    "metrics_counted": 3
  },
  "commit": "249d9e1"
}