{
  "as_of": "2026-04-28T05:57:01.303186Z",
  "track": "pure_model",
  "domain_means": {
    "WM": 0.32359,
    "K": 0.49905285877827277,
    "M": 0.6808817630383442
  },
  "agi_percent": 15.0,
  "time_percent": 42.9,
  "counts": {
    "metrics_total": 3,
    "metrics_counted": 3
  },
  "commit": "0f95554"
}