{
  "as_of": "2025-11-05T03:31:44.297708Z",
  "track": "pure_model",
  "domain_means": {
    "M": 0.590096619417409,
    "WM": 0.31228,
    "K": 0.468035162154037
  },
  "agi_percent": 13.7,
  "time_percent": 35.7,
  "counts": {
    "metrics_total": 3,
    "metrics_counted": 3
  },
  "commit": "e067d05"
}