{
  "as_of": "2025-12-27T21:37:31.723684Z",
  "track": "pure_model",
  "domain_means": {
    "M": 0.6387301933745068,
    "WM": 0.21649,
    "K": 0.5080736339250674
  },
  "agi_percent": 13.6,
  "time_percent": 35.7,
  "counts": {
    "metrics_total": 3,
    "metrics_counted": 3
  },
  "commit": "6edbc36"
}