{
  "as_of": "2025-11-11T14:42:26.122580Z",
  "track": "pure_model",
  "domain_means": {
    "M": 0.5504606180788303,
    "WM": 0.31272,
    "K": 0.48201576711508004
  },
  "agi_percent": 13.5,
  "time_percent": 35.7,
  "counts": {
    "metrics_total": 3,
    "metrics_counted": 3
  },
  "commit": "3371936"
}