{
  "as_of": "2026-05-11T20:12:20.478980Z",
  "track": "pure_model",
  "domain_means": {
    "K": 0.49261462505225095,
    "M": 0.6468403513655676
  },
  "agi_percent": 11.4,
  "time_percent": 42.9,
  "counts": {
    "metrics_total": 2,
    "metrics_counted": 2
  },
  "commit": "cf1fb0e"
}