{
  "as_of": "2025-10-24T04:40:01.053986Z",
  "track": "pure_model",
  "domain_means": {
    "M": 0.6131925402138924,
    "WM": 0.31157,
    "K": 0.4199713322959531
  },
  "agi_percent": 13.4,
  "time_percent": 35.7,
  "counts": {
    "metrics_total": 3,
    "metrics_counted": 3
  },
  "commit": "c977a8b"
}