{
  "as_of": "2026-07-21T07:31:28.111680Z",
  "track": "pure_model",
  "domain_means": {
    "WM": 0.3269,
    "M": 0.6001258582732697,
    "K": 0.4323987583959044
  },
  "agi_percent": 13.6,
  "time_percent": 42.9,
  "counts": {
    "metrics_total": 3,
    "metrics_counted": 3
  },
  "commit": "db25c85"
}