{
  "as_of": "2026-07-14T23:51:15.053366Z",
  "track": "pure_model",
  "domain_means": {
    "WM": 0.32671,
    "M": 0.600433753403376,
    "K": 0.4295819666395375
  },
  "agi_percent": 13.6,
  "time_percent": 42.9,
  "counts": {
    "metrics_total": 3,
    "metrics_counted": 3
  },
  "commit": "ea2aa4d"
}