{
  "as_of": "2025-11-15T18:43:10.669342Z",
  "track": "pure_model",
  "domain_means": {
    "M": 0.5441756314173357,
    "WM": 0.31299,
    "K": 0.4884915051945871
  },
  "agi_percent": 13.5,
  "time_percent": 35.7,
  "counts": {
    "metrics_total": 3,
    "metrics_counted": 3
  },
  "commit": "004ea47"
}