{
  "as_of": "2026-07-07T08:20:33.094802Z",
  "track": "pure_model",
  "domain_means": {
    "WM": 0.32633,
    "M": 0.7273938924359551,
    "K": 0.385995057576153
  },
  "agi_percent": 14.4,
  "time_percent": 42.9,
  "counts": {
    "metrics_total": 3,
    "metrics_counted": 3
  },
  "commit": "2321167"
}