{
  "as_of": "2026-03-21T17:18:17.051580Z",
  "track": "pure_model",
  "domain_means": {
    "M": 0.6311488875435526,
    "K": 0.49474715809232256,
    "WM": 0.25188
  },
  "agi_percent": 13.8,
  "time_percent": 42.9,
  "counts": {
    "metrics_total": 3,
    "metrics_counted": 3
  },
  "commit": "cc044f1"
}