{
  "as_of": "2026-01-22T05:50:05.953898Z",
  "track": "pure_model",
  "domain_means": {
    "M": 0.6516461363317322,
    "WM": 0.31768,
    "K": 0.5169578456577277
  },
  "agi_percent": 14.9,
  "time_percent": 42.9,
  "counts": {
    "metrics_total": 3,
    "metrics_counted": 3
  },
  "commit": "abea695"
}