{
  "as_of": "2025-10-23T10:42:54.542928Z",
  "track": "pure_model",
  "domain_means": {
    "M": 0.6131925402138924,
    "WM": 0.31152,
    "K": 0.4199713322959531
  },
  "agi_percent": 13.4,
  "time_percent": 35.7,
  "counts": {
    "metrics_total": 3,
    "metrics_counted": 3
  },
  "commit": "f6e0861"
}