{
  "as_of": "2026-01-24T06:55:12.188909Z",
  "track": "pure_model",
  "domain_means": {
    "M": 0.6528124797564473,
    "WM": 0.31786,
    "K": 0.5163251784990249
  },
  "agi_percent": 14.9,
  "time_percent": 42.9,
  "counts": {
    "metrics_total": 3,
    "metrics_counted": 3
  },
  "commit": "720fc3c"
}