{
  "as_of": "2026-03-25T10:38:46.742888Z",
  "track": "pure_model",
  "domain_means": {
    "M": 0.6305672135204272,
    "WM": 0.32101,
    "K": 0.4928546996128022
  },
  "agi_percent": 14.4,
  "time_percent": 42.9,
  "counts": {
    "metrics_total": 3,
    "metrics_counted": 3
  },
  "commit": "59f16de"
}