{
  "as_of": "2026-01-18T04:39:55.217619Z",
  "track": "pure_model",
  "domain_means": {
    "M": 0.6599515040410716,
    "WM": 0.31742,
    "K": 0.5138573571905087
  },
  "agi_percent": 14.9,
  "time_percent": 42.9,
  "counts": {
    "metrics_total": 3,
    "metrics_counted": 3
  },
  "commit": "fb3cd3c"
}