{
  "as_of": "2026-04-08T00:01:33.789354Z",
  "track": "pure_model",
  "domain_means": {
    "WM": 0.3224,
    "K": 0.5047618754487563,
    "M": 0.6606155675396698
  },
  "agi_percent": 14.9,
  "time_percent": 42.9,
  "counts": {
    "metrics_total": 3,
    "metrics_counted": 3
  },
  "commit": "7afc7f6"
}