{
  "as_of": "2026-03-15T10:56:33.365636Z",
  "track": "pure_model",
  "domain_means": {
    "M": 0.6283402590532782,
    "K": 0.49513526847875294,
    "WM": 0.32046
  },
  "agi_percent": 14.4,
  "time_percent": 42.9,
  "counts": {
    "metrics_total": 3,
    "metrics_counted": 3
  },
  "commit": "b61bd77"
}