{
  "as_of": "2026-03-24T05:19:11.014471Z",
  "track": "pure_model",
  "domain_means": {
    "M": 0.6282664747312411,
    "K": 0.493332473054736,
    "WM": 0.32096
  },
  "agi_percent": 14.4,
  "time_percent": 42.9,
  "counts": {
    "metrics_total": 3,
    "metrics_counted": 3
  },
  "commit": "bc6af6e"
}