{
  "as_of": "2026-01-21T15:21:34.039079Z",
  "track": "pure_model",
  "domain_means": {
    "M": 0.6516461363317322,
    "WM": 0.31761,
    "K": 0.5169578456577277
  },
  "agi_percent": 14.9,
  "time_percent": 42.9,
  "counts": {
    "metrics_total": 3,
    "metrics_counted": 3
  },
  "commit": "d21cbd1"
}