{
  "as_of": "2025-11-28T04:15:44.230711Z",
  "track": "pure_model",
  "domain_means": {
    "M": 0.5890889593341859,
    "WM": 0.31387,
    "K": 0.49261462505225095
  },
  "agi_percent": 14.0,
  "time_percent": 35.7,
  "counts": {
    "metrics_total": 3,
    "metrics_counted": 3
  },
  "commit": "f2e2567"
}