{
  "as_of": "2026-02-03T21:00:36.277879Z",
  "track": "pure_model",
  "domain_means": {
    "M": 0.6544161315455367,
    "WM": 0.31859,
    "K": 0.5029084549184227
  },
  "agi_percent": 14.8,
  "time_percent": 42.9,
  "counts": {
    "metrics_total": 3,
    "metrics_counted": 3
  },
  "commit": "9c3d732"
}