{
  "as_of": "2025-12-11T16:18:06.510229Z",
  "track": "pure_model",
  "domain_means": {
    "M": 0.6211755018923095,
    "WM": 0.31457,
    "K": 0.5098641029385619
  },
  "agi_percent": 14.5,
  "time_percent": 35.7,
  "counts": {
    "metrics_total": 3,
    "metrics_counted": 3
  },
  "commit": "3d50e53"
}