{
  "as_of": "2025-12-06T10:17:41.336108Z",
  "track": "pure_model",
  "domain_means": {
    "M": 0.62097166505343,
    "WM": 0.31435,
    "K": 0.5026297927315068
  },
  "agi_percent": 14.4,
  "time_percent": 35.7,
  "counts": {
    "metrics_total": 3,
    "metrics_counted": 3
  },
  "commit": "020e3bb"
}