{
  "as_of": "2026-06-24T19:09:13.288290Z",
  "track": "pure_model",
  "domain_means": {
    "WM": 0.3257,
    "M": 0.7389509741261572,
    "K": 0.43616672352014985
  },
  "agi_percent": 15.0,
  "time_percent": 42.9,
  "counts": {
    "metrics_total": 3,
    "metrics_counted": 3
  },
  "commit": "8d29546"
}