{
  "as_of": "2026-07-17T07:10:08.865511Z",
  "track": "pure_model",
  "domain_means": {
    "WM": 0.32671,
    "M": 0.6001802879640038,
    "K": 0.4305331289947705
  },
  "agi_percent": 13.6,
  "time_percent": 42.9,
  "counts": {
    "metrics_total": 3,
    "metrics_counted": 3
  },
  "commit": "af850ea"
}