{
  "as_of": "2026-03-13T03:40:06.957360Z",
  "track": "pure_model",
  "domain_means": {
    "M": 0.6346567868692499,
    "K": 0.4962110354045488,
    "WM": 0.32032
  },
  "agi_percent": 14.5,
  "time_percent": 42.9,
  "counts": {
    "metrics_total": 3,
    "metrics_counted": 3
  },
  "commit": "ce0ce75"
}