{
  "as_of": "2025-11-25T15:13:19.683459Z",
  "track": "pure_model",
  "domain_means": {
    "M": 0.5703495271886184,
    "WM": 0.31367,
    "K": 0.49148362682836894
  },
  "agi_percent": 13.8,
  "time_percent": 35.7,
  "counts": {
    "metrics_total": 3,
    "metrics_counted": 3
  },
  "commit": "6f46a41"
}