{
  "as_of": "2025-11-16T21:14:48.767976Z",
  "track": "pure_model",
  "domain_means": {
    "M": 0.5437418482884049,
    "WM": 0.31302,
    "K": 0.4889988606385404
  },
  "agi_percent": 13.5,
  "time_percent": 35.7,
  "counts": {
    "metrics_total": 3,
    "metrics_counted": 3
  },
  "commit": "130b690"
}