{
  "as_of": "2025-12-09T08:26:49.459118Z",
  "track": "pure_model",
  "domain_means": {
    "M": 0.6210260776954591,
    "WM": 0.3145,
    "K": 0.5087181832745539
  },
  "agi_percent": 14.4,
  "time_percent": 35.7,
  "counts": {
    "metrics_total": 3,
    "metrics_counted": 3
  },
  "commit": "40a6947"
}