{
  "as_of": "2026-04-14T11:36:12.694670Z",
  "track": "pure_model",
  "domain_means": {
    "WM": 0.32276,
    "K": 0.5014333619603196,
    "M": 0.6651304486338563
  },
  "agi_percent": 14.9,
  "time_percent": 42.9,
  "counts": {
    "metrics_total": 3,
    "metrics_counted": 3
  },
  "commit": "e4f9e6f"
}