{
  "as_of": "2026-01-04T05:20:37.920853Z",
  "track": "pure_model",
  "domain_means": {
    "M": 0.6339095192747356,
    "K": 0.505971637542138
  },
  "agi_percent": 11.4,
  "time_percent": 42.9,
  "counts": {
    "metrics_total": 2,
    "metrics_counted": 2
  },
  "commit": "04696e5"
}