{
  "as_of": "2025-12-23T05:45:09.047942Z",
  "track": "pure_model",
  "domain_means": {
    "M": 0.6287325101803334,
    "WM": 0.31548,
    "K": 0.5096743717325469
  },
  "agi_percent": 14.5,
  "time_percent": 35.7,
  "counts": {
    "metrics_total": 3,
    "metrics_counted": 3
  },
  "commit": "4b68dc4"
}