{
  "as_of": "2026-06-16T13:10:39.448939Z",
  "track": "pure_model",
  "domain_means": {
    "WM": 0.32556,
    "M": 0.7144991789948087,
    "K": 0.43439689418510086
  },
  "agi_percent": 14.7,
  "time_percent": 42.9,
  "counts": {
    "metrics_total": 3,
    "metrics_counted": 3
  },
  "commit": "f04f14a"
}