{
  "as_of": "2026-02-08T13:59:13.872103Z",
  "track": "pure_model",
  "domain_means": {
    "M": 0.6576601172629281,
    "WM": 0.31885,
    "K": 0.4984637819671896
  },
  "agi_percent": 14.7,
  "time_percent": 42.9,
  "counts": {
    "metrics_total": 3,
    "metrics_counted": 3
  },
  "commit": "3f19f2a"
}