{
  "as_of": "2026-02-19T23:51:27.618972Z",
  "track": "pure_model",
  "domain_means": {
    "M": 0.6486174460398638,
    "WM": 0.31923,
    "K": 0.48456856012909766
  },
  "agi_percent": 14.5,
  "time_percent": 42.9,
  "counts": {
    "metrics_total": 3,
    "metrics_counted": 3
  },
  "commit": "55c41f6"
}