{
  "as_of": "2025-12-04T10:49:13.805778Z",
  "track": "pure_model",
  "domain_means": {
    "M": 0.6208490868469115,
    "K": 0.49853767928208254
  },
  "agi_percent": 11.2,
  "time_percent": 35.7,
  "counts": {
    "metrics_total": 2,
    "metrics_counted": 2
  },
  "commit": "d7567f9"
}