{
  "as_of": "2025-12-01T23:37:44.167626Z",
  "track": "pure_model",
  "domain_means": {
    "M": 0.620671662155933,
    "WM": 0.31404,
    "K": 0.49498027395775
  },
  "agi_percent": 14.3,
  "time_percent": 35.7,
  "counts": {
    "metrics_total": 3,
    "metrics_counted": 3
  },
  "commit": "34d20f9"
}