{
  "as_of": "2025-11-01T04:41:47.119401Z",
  "track": "pure_model",
  "domain_means": {
    "M": 0.5988071138551834,
    "K": 0.44982833405600314
  },
  "agi_percent": 10.5,
  "time_percent": 35.7,
  "counts": {
    "metrics_total": 2,
    "metrics_counted": 2
  },
  "commit": "986d9de"
}