{
  "as_of": "2026-04-27T22:40:20.578546Z",
  "track": "pure_model",
  "domain_means": {
    "WM": 0.32358,
    "K": 0.49905285877827277,
    "M": 0.6808817630383442
  },
  "agi_percent": 15.0,
  "time_percent": 42.9,
  "counts": {
    "metrics_total": 3,
    "metrics_counted": 3
  },
  "commit": "c24869c"
}