{
  "as_of": "2026-06-10T03:29:45.939970Z",
  "track": "pure_model",
  "domain_means": {
    "WM": 0.32524,
    "M": 0.6495128338682367,
    "K": 0.47500554294829483
  },
  "agi_percent": 14.5,
  "time_percent": 42.9,
  "counts": {
    "metrics_total": 3,
    "metrics_counted": 3
  },
  "commit": "f211617"
}