{
  "as_of": "2025-11-19T07:37:19.398740Z",
  "track": "pure_model",
  "domain_means": {
    "M": 0.5454615977586266,
    "WM": 0.31311,
    "K": 0.48840659912778334
  },
  "agi_percent": 13.5,
  "time_percent": 35.7,
  "counts": {
    "metrics_total": 3,
    "metrics_counted": 3
  },
  "commit": "b682371"
}