{
  "as_of": "2025-12-02T08:18:06.716222Z",
  "track": "pure_model",
  "domain_means": {
    "M": 0.620671662155933,
    "WM": 0.31408,
    "K": 0.4955213089332831
  },
  "agi_percent": 14.3,
  "time_percent": 35.7,
  "counts": {
    "metrics_total": 3,
    "metrics_counted": 3
  },
  "commit": "25c5e35"
}