{
  "as_of": "2026-04-26T09:52:42.898361Z",
  "track": "pure_model",
  "domain_means": {
    "WM": 0.32355,
    "K": 0.49875891963868924,
    "M": 0.682893574094249
  },
  "agi_percent": 15.1,
  "time_percent": 42.9,
  "counts": {
    "metrics_total": 3,
    "metrics_counted": 3
  },
  "commit": "508e546"
}