{
  "as_of": "2026-05-07T12:24:18.414784Z",
  "track": "pure_model",
  "domain_means": {
    "WM": 0.32424,
    "K": 0.4854588839452205,
    "M": 0.6487937057693028
  },
  "agi_percent": 14.6,
  "time_percent": 42.9,
  "counts": {
    "metrics_total": 3,
    "metrics_counted": 3
  },
  "commit": "55317e8"
}