{
  "as_of": "2025-12-12T08:17:59.834769Z",
  "track": "pure_model",
  "domain_means": {
    "M": 0.6211755018923095,
    "WM": 0.31464,
    "K": 0.5103676348032854
  },
  "agi_percent": 14.5,
  "time_percent": 35.7,
  "counts": {
    "metrics_total": 3,
    "metrics_counted": 3
  },
  "commit": "8586022"
}