{
  "as_of": "2026-03-21T05:27:14.720622Z",
  "track": "pure_model",
  "domain_means": {
    "M": 0.6339777723808308,
    "K": 0.4950578127050156,
    "WM": 0.1163
  },
  "agi_percent": 12.5,
  "time_percent": 42.9,
  "counts": {
    "metrics_total": 3,
    "metrics_counted": 3
  },
  "commit": "08624d6"
}