{
  "as_of": "2026-04-04T03:45:10.018974Z",
  "track": "pure_model",
  "domain_means": {
    "M": 0.6154451165260615,
    "WM": 0.32222,
    "K": 0.4879805683884511
  },
  "agi_percent": 14.3,
  "time_percent": 42.9,
  "counts": {
    "metrics_total": 3,
    "metrics_counted": 3
  },
  "commit": "7e9445d"
}