{
  "as_of": "2026-06-20T08:19:46.951506Z",
  "track": "pure_model",
  "domain_means": {
    "WM": 0.32565,
    "M": 0.7388362275155727,
    "K": 0.45097728538065324
  },
  "agi_percent": 15.2,
  "time_percent": 42.9,
  "counts": {
    "metrics_total": 3,
    "metrics_counted": 3
  },
  "commit": "f4f71d5"
}