{
  "as_of": "2026-07-24T18:56:42.491925Z",
  "track": "pure_model",
  "domain_means": {
    "K": 0.43772339456250703,
    "WM": 0.32706,
    "M": 0.6009380370012698
  },
  "agi_percent": 13.7,
  "time_percent": 42.9,
  "counts": {
    "metrics_total": 3,
    "metrics_counted": 3
  },
  "commit": "6544c44"
}