{
  "as_of": "2025-12-22T06:56:09.493127Z",
  "track": "pure_model",
  "domain_means": {
    "M": 0.6252260166208989,
    "K": 0.5113024185269733
  },
  "agi_percent": 11.4,
  "time_percent": 35.7,
  "counts": {
    "metrics_total": 2,
    "metrics_counted": 2
  },
  "commit": "158c29a"
}