{
  "as_of": "2026-03-29T04:58:24.207809Z",
  "track": "pure_model",
  "domain_means": {
    "M": 0.6215544682744768,
    "WM": 0.3216,
    "K": 0.4908293180686747
  },
  "agi_percent": 14.3,
  "time_percent": 42.9,
  "counts": {
    "metrics_total": 3,
    "metrics_counted": 3
  },
  "commit": "183e9a8"
}