{
  "as_of": "2026-05-26T13:47:48.430390Z",
  "track": "pure_model",
  "domain_means": {
    "WM": 0.06986,
    "K": 0.49970988973728314,
    "M": 0.6308883058351279
  },
  "agi_percent": 12.0,
  "time_percent": 42.9,
  "counts": {
    "metrics_total": 3,
    "metrics_counted": 3
  },
  "commit": "772cf5d"
}