{
  "as_of": "2026-05-06T05:20:45.817148Z",
  "track": "pure_model",
  "domain_means": {
    "WM": 0.32417,
    "K": 0.4886610191213621,
    "M": 0.6402057159176735
  },
  "agi_percent": 14.5,
  "time_percent": 42.9,
  "counts": {
    "metrics_total": 3,
    "metrics_counted": 3
  },
  "commit": "f33d2f4"
}