{
  "as_of": "2026-05-18T18:48:53.756934Z",
  "track": "pure_model",
  "domain_means": {
    "WM": 0.3246,
    "K": 0.502139537450862,
    "M": 0.641231258504566
  },
  "agi_percent": 14.7,
  "time_percent": 42.9,
  "counts": {
    "metrics_total": 3,
    "metrics_counted": 3
  },
  "commit": "4ce7b2e"
}