{
  "as_of": "2025-11-23T10:40:33.226201Z",
  "track": "pure_model",
  "domain_means": {
    "M": 0.563729550578019,
    "WM": 0.31346,
    "K": 0.4901690406175949
  },
  "agi_percent": 13.7,
  "time_percent": 35.7,
  "counts": {
    "metrics_total": 3,
    "metrics_counted": 3
  },
  "commit": "f3f4070"
}