{
  "as_of": "2026-07-11T16:23:38.489345Z",
  "track": "pure_model",
  "domain_means": {
    "WM": 0.32655,
    "M": 0.7273281741631399,
    "K": 0.426850230608176
  },
  "agi_percent": 14.8,
  "time_percent": 42.9,
  "counts": {
    "metrics_total": 3,
    "metrics_counted": 3
  },
  "commit": "bc427f7"
}