{
  "as_of": "2026-07-18T15:27:01.154266Z",
  "track": "pure_model",
  "domain_means": {
    "WM": 0.32679,
    "M": 0.6003252340222536,
    "K": 0.43202945956597777
  },
  "agi_percent": 13.6,
  "time_percent": 42.9,
  "counts": {
    "metrics_total": 3,
    "metrics_counted": 3
  },
  "commit": "a819581"
}