{
  "as_of": "2026-06-09T06:48:07.193592Z",
  "track": "pure_model",
  "domain_means": {
    "K": 0.4823860104474064,
    "WM": 0.32526,
    "M": 0.6494853068043375
  },
  "agi_percent": 14.6,
  "time_percent": 42.9,
  "counts": {
    "metrics_total": 3,
    "metrics_counted": 3
  },
  "commit": "57c67e5"
}