{
  "as_of": "2026-01-01T05:47:38.388953Z",
  "track": "pure_model",
  "domain_means": {
    "M": 0.6388365911794219,
    "WM": 0.31635,
    "K": 0.5057045434617584
  },
  "agi_percent": 14.6,
  "time_percent": 42.9,
  "counts": {
    "metrics_total": 3,
    "metrics_counted": 3
  },
  "commit": "d6f9e64"
}