{
  "as_of": "2025-12-01T04:32:22.180346Z",
  "track": "pure_model",
  "domain_means": {
    "M": 0.620616982331878,
    "WM": 0.31397,
    "K": 0.494669285665607
  },
  "agi_percent": 14.3,
  "time_percent": 35.7,
  "counts": {
    "metrics_total": 3,
    "metrics_counted": 3
  },
  "commit": "54f7c9f"
}