{
  "as_of": "2026-06-22T14:35:35.726077Z",
  "track": "pure_model",
  "domain_means": {
    "WM": 0.32566,
    "M": 0.7389056309268095,
    "K": 0.445656999772348
  },
  "agi_percent": 15.1,
  "time_percent": 42.9,
  "counts": {
    "metrics_total": 3,
    "metrics_counted": 3
  },
  "commit": "a0c82e8"
}