{
  "as_of": "2026-05-29T21:20:42.736225Z",
  "track": "pure_model",
  "domain_means": {
    "K": 0.4980931594797693,
    "WM": 0.32495,
    "M": 0.6253414079699064
  },
  "agi_percent": 14.5,
  "time_percent": 42.9,
  "counts": {
    "metrics_total": 3,
    "metrics_counted": 3
  },
  "commit": "74139dc"
}