{
  "as_of": "2026-07-02T18:12:07.276282Z",
  "track": "pure_model",
  "domain_means": {
    "WM": 0.32615,
    "M": 0.7481035355215714,
    "K": 0.39878282554327765
  },
  "agi_percent": 14.7,
  "time_percent": 42.9,
  "counts": {
    "metrics_total": 3,
    "metrics_counted": 3
  },
  "commit": "d94b764"
}