{
  "as_of": "2025-11-18T22:17:35.210411Z",
  "track": "pure_model",
  "domain_means": {
    "M": 0.5454615977586266,
    "WM": 0.31309,
    "K": 0.48806597537611895
  },
  "agi_percent": 13.5,
  "time_percent": 35.7,
  "counts": {
    "metrics_total": 3,
    "metrics_counted": 3
  },
  "commit": "a58e168"
}