{
  "as_of": "2026-06-16T21:24:43.489976Z",
  "track": "pure_model",
  "domain_means": {
    "WM": 0.32558,
    "M": 0.7144991789948087,
    "K": 0.43439689418510086
  },
  "agi_percent": 14.7,
  "time_percent": 42.9,
  "counts": {
    "metrics_total": 3,
    "metrics_counted": 3
  },
  "commit": "4efb3d5"
}