{
  "as_of": "2026-01-22T08:19:09.512289Z",
  "track": "pure_model",
  "domain_means": {
    "M": 0.652759869883519,
    "WM": 0.31768,
    "K": 0.5163251784990249
  },
  "agi_percent": 14.9,
  "time_percent": 42.9,
  "counts": {
    "metrics_total": 3,
    "metrics_counted": 3
  },
  "commit": "f3acb31"
}