{
  "as_of": "2026-06-28T11:41:15.078534Z",
  "track": "pure_model",
  "domain_means": {
    "WM": 0.326,
    "M": 0.7389882942680773,
    "K": 0.4206244111352608
  },
  "agi_percent": 14.9,
  "time_percent": 42.9,
  "counts": {
    "metrics_total": 3,
    "metrics_counted": 3
  },
  "commit": "b10521c"
}