{
  "as_of": "2025-12-06T13:42:22.713111Z",
  "track": "pure_model",
  "domain_means": {
    "M": 0.62097166505343,
    "WM": 0.31434,
    "K": 0.5026297927315068
  },
  "agi_percent": 14.4,
  "time_percent": 35.7,
  "counts": {
    "metrics_total": 3,
    "metrics_counted": 3
  },
  "commit": "6c687c3"
}