{
  "as_of": "2026-02-08T22:52:58.841840Z",
  "track": "pure_model",
  "domain_means": {
    "M": 0.6576601172629281,
    "WM": 0.31889,
    "K": 0.4984637819671896
  },
  "agi_percent": 14.8,
  "time_percent": 42.9,
  "counts": {
    "metrics_total": 3,
    "metrics_counted": 3
  },
  "commit": "453562c"
}