{
  "as_of": "2026-05-01T06:14:39.856287Z",
  "track": "pure_model",
  "domain_means": {
    "WM": 0.32382,
    "K": 0.5002889521348334,
    "M": 0.6739984443130224
  },
  "agi_percent": 15.0,
  "time_percent": 42.9,
  "counts": {
    "metrics_total": 3,
    "metrics_counted": 3
  },
  "commit": "7ddf4fb"
}