{
  "as_of": "2026-06-21T14:04:32.162351Z",
  "track": "pure_model",
  "domain_means": {
    "WM": 0.32565,
    "M": 0.7388709375395676,
    "K": 0.4489544914872745
  },
  "agi_percent": 15.1,
  "time_percent": 42.9,
  "counts": {
    "metrics_total": 3,
    "metrics_counted": 3
  },
  "commit": "7e8e3a6"
}