{
  "as_of": "2026-05-03T11:10:49.268037Z",
  "track": "pure_model",
  "domain_means": {
    "WM": 0.32398,
    "K": 0.4958286657163448,
    "M": 0.668170957014485
  },
  "agi_percent": 14.9,
  "time_percent": 42.9,
  "counts": {
    "metrics_total": 3,
    "metrics_counted": 3
  },
  "commit": "3e8b8bf"
}