{
  "as_of": "2026-06-07T18:47:12.043614Z",
  "track": "pure_model",
  "domain_means": {
    "K": 0.48393875268070624,
    "WM": 0.32519,
    "M": 0.6493475142372142
  },
  "agi_percent": 14.6,
  "time_percent": 42.9,
  "counts": {
    "metrics_total": 3,
    "metrics_counted": 3
  },
  "commit": "d0891a0"
}