{
  "as_of": "2025-11-12T15:21:34.406392Z",
  "track": "pure_model",
  "domain_means": {
    "M": 0.548339101893753,
    "K": 0.48357638689935206
  },
  "agi_percent": 10.3,
  "time_percent": 35.7,
  "counts": {
    "metrics_total": 2,
    "metrics_counted": 2
  },
  "commit": "356b0d7"
}