{
  "as_of": "2026-05-10T18:59:13.622280Z",
  "track": "pure_model",
  "domain_means": {
    "WM": 0.32427,
    "K": 0.48983662940811107,
    "M": 0.646954489229403
  },
  "agi_percent": 14.6,
  "time_percent": 42.9,
  "counts": {
    "metrics_total": 3,
    "metrics_counted": 3
  },
  "commit": "e9b79c5"
}