{
  "as_of": "2026-05-23T07:14:05.715391Z",
  "track": "pure_model",
  "domain_means": {
    "WM": 0.32474,
    "K": 0.4998550902145618,
    "M": 0.6356190653135242
  },
  "agi_percent": 14.6,
  "time_percent": 42.9,
  "counts": {
    "metrics_total": 3,
    "metrics_counted": 3
  },
  "commit": "d81b4ab"
}