{
  "as_of": "2025-11-08T07:15:18.603995Z",
  "track": "pure_model",
  "domain_means": {
    "M": 0.5791573892442313,
    "WM": 0.31251,
    "K": 0.4757176736335134
  },
  "agi_percent": 13.7,
  "time_percent": 35.7,
  "counts": {
    "metrics_total": 3,
    "metrics_counted": 3
  },
  "commit": "27fff81"
}