{
  "as_of": "2025-11-30T23:37:53.233752Z",
  "track": "pure_model",
  "domain_means": {
    "M": 0.620616982331878,
    "WM": 0.31398,
    "K": 0.494669285665607
  },
  "agi_percent": 14.3,
  "time_percent": 35.7,
  "counts": {
    "metrics_total": 3,
    "metrics_counted": 3
  },
  "commit": "cabf5e7"
}