{
  "as_of": "2026-05-21T19:24:51.160492Z",
  "track": "pure_model",
  "domain_means": {
    "WM": 0.32469,
    "K": 0.5010063258328862,
    "M": 0.6357412297537479
  },
  "agi_percent": 14.6,
  "time_percent": 42.9,
  "counts": {
    "metrics_total": 3,
    "metrics_counted": 3
  },
  "commit": "94682c1"
}