{
  "as_of": "2026-05-26T17:19:33.039527Z",
  "track": "pure_model",
  "domain_means": {
    "WM": 0.32483,
    "K": 0.49970988973728314,
    "M": 0.6308883058351279
  },
  "agi_percent": 14.6,
  "time_percent": 42.9,
  "counts": {
    "metrics_total": 3,
    "metrics_counted": 3
  },
  "commit": "e16dda4"
}