{
  "as_of": "2026-07-04T04:10:05.575183Z",
  "track": "pure_model",
  "domain_means": {
    "WM": 0.32618,
    "M": 0.7481105842691124,
    "K": 0.39424799748181666
  },
  "agi_percent": 14.7,
  "time_percent": 42.9,
  "counts": {
    "metrics_total": 3,
    "metrics_counted": 3
  },
  "commit": "5a53b3a"
}