{
  "as_of": "2026-06-28T07:48:39.588984Z",
  "track": "pure_model",
  "domain_means": {
    "WM": 0.32599,
    "M": 0.7389829639971776,
    "K": 0.4206244111352608
  },
  "agi_percent": 14.9,
  "time_percent": 42.9,
  "counts": {
    "metrics_total": 3,
    "metrics_counted": 3
  },
  "commit": "8b7c8c2"
}