{
  "as_of": "2026-03-01T03:59:57.903820Z",
  "track": "pure_model",
  "domain_means": {
    "M": 0.6535103151317131,
    "K": 0.48941895707981553,
    "WM": 0.31977
  },
  "agi_percent": 14.6,
  "time_percent": 42.9,
  "counts": {
    "metrics_total": 3,
    "metrics_counted": 3
  },
  "commit": "542a5ee"
}