{
  "as_of": "2026-03-19T07:00:03.253006Z",
  "track": "pure_model",
  "domain_means": {
    "M": 0.6318079839942387,
    "K": 0.4945913293698103,
    "WM": 0.32071
  },
  "agi_percent": 14.5,
  "time_percent": 42.9,
  "counts": {
    "metrics_total": 3,
    "metrics_counted": 3
  },
  "commit": "d216341"
}