{
  "as_of": "2026-02-17T05:17:16.097007Z",
  "track": "pure_model",
  "domain_means": {
    "M": 0.64708742299248,
    "K": 0.4889988606385404,
    "WM": 0.31911
  },
  "agi_percent": 14.6,
  "time_percent": 42.9,
  "counts": {
    "metrics_total": 3,
    "metrics_counted": 3
  },
  "commit": "484c8b7"
}