{
  "as_of": "2026-01-15T15:15:45.555673Z",
  "track": "pure_model",
  "domain_means": {
    "M": 0.6521343987768821,
    "WM": 0.31728,
    "K": 0.5118575484085138
  },
  "agi_percent": 14.8,
  "time_percent": 42.9,
  "counts": {
    "metrics_total": 3,
    "metrics_counted": 3
  },
  "commit": "9dabf3e"
}