{
  "as_of": "2026-04-08T23:35:46.856355Z",
  "track": "pure_model",
  "domain_means": {
    "WM": 0.32242,
    "K": 0.5065028869995687,
    "M": 0.6592973214861519
  },
  "agi_percent": 14.9,
  "time_percent": 42.9,
  "counts": {
    "metrics_total": 3,
    "metrics_counted": 3
  },
  "commit": "592e11c"
}