{
  "as_of": "2026-04-10T23:56:11.988994Z",
  "track": "pure_model",
  "domain_means": {
    "WM": 0.3225,
    "K": 0.5075538297977763,
    "M": 0.6605525852310186
  },
  "agi_percent": 14.9,
  "time_percent": 42.9,
  "counts": {
    "metrics_total": 3,
    "metrics_counted": 3
  },
  "commit": "fc4c16f"
}