{
  "as_of": "2026-06-18T21:22:56.185727Z",
  "track": "pure_model",
  "domain_means": {
    "M": 0.7387346719045134,
    "K": 0.44519547378584723
  },
  "agi_percent": 11.8,
  "time_percent": 42.9,
  "counts": {
    "metrics_total": 2,
    "metrics_counted": 2
  },
  "commit": "11b0534"
}