{
  "as_of": "2026-04-09T21:38:13.887963Z",
  "track": "pure_model",
  "domain_means": {
    "WM": 0.32243,
    "K": 0.5085897317525546,
    "M": 0.6597208219406755
  },
  "agi_percent": 14.9,
  "time_percent": 42.9,
  "counts": {
    "metrics_total": 3,
    "metrics_counted": 3
  },
  "commit": "61fe6b5"
}