{
  "as_of": "2026-06-10T06:48:20.699723Z",
  "track": "pure_model",
  "domain_means": {
    "K": 0.47500554294829483,
    "WM": 0.32524,
    "M": 0.6495128338682367
  },
  "agi_percent": 14.5,
  "time_percent": 42.9,
  "counts": {
    "metrics_total": 3,
    "metrics_counted": 3
  },
  "commit": "020d91c"
}