{
  "as_of": "2026-06-23T08:57:22.392590Z",
  "track": "pure_model",
  "domain_means": {
    "WM": 0.32568,
    "M": 0.7389349738872864,
    "K": 0.4390795450267886
  },
  "agi_percent": 15.0,
  "time_percent": 42.9,
  "counts": {
    "metrics_total": 3,
    "metrics_counted": 3
  },
  "commit": "398ba48"
}