{
  "as_of": "2025-11-03T16:22:28.784328Z",
  "track": "pure_model",
  "domain_means": {
    "M": 0.5886223848794251,
    "K": 0.4657480077765283
  },
  "agi_percent": 10.5,
  "time_percent": 35.7,
  "counts": {
    "metrics_total": 2,
    "metrics_counted": 2
  },
  "commit": "533a7d2"
}