{
  "as_of": "2026-06-17T07:22:06.892701Z",
  "track": "pure_model",
  "domain_means": {
    "WM": 0.3256,
    "M": 0.7144991789948087,
    "K": 0.43439689418510086
  },
  "agi_percent": 14.7,
  "time_percent": 42.9,
  "counts": {
    "metrics_total": 3,
    "metrics_counted": 3
  },
  "commit": "a5db369"
}