{
  "as_of": "2026-05-24T20:02:43.241447Z",
  "track": "pure_model",
  "domain_means": {
    "WM": 0.32479,
    "K": 0.4995643973995522,
    "M": 0.630781433250237
  },
  "agi_percent": 14.6,
  "time_percent": 42.9,
  "counts": {
    "metrics_total": 3,
    "metrics_counted": 3
  },
  "commit": "91373c1"
}