{
  "as_of": "2025-11-25T18:50:52.270599Z",
  "track": "pure_model",
  "domain_means": {
    "M": 0.5703495271886184,
    "WM": 0.31368,
    "K": 0.49148362682836894
  },
  "agi_percent": 13.8,
  "time_percent": 35.7,
  "counts": {
    "metrics_total": 3,
    "metrics_counted": 3
  },
  "commit": "de29340"
}