{
  "as_of": "2026-03-18T07:36:29.956976Z",
  "track": "pure_model",
  "domain_means": {
    "M": 0.6318079839942387,
    "K": 0.4945913293698103
  },
  "agi_percent": 11.3,
  "time_percent": 42.9,
  "counts": {
    "metrics_total": 2,
    "metrics_counted": 2
  },
  "commit": "4e9de2b"
}