{
  "as_of": "2026-01-05T07:48:49.577643Z",
  "track": "pure_model",
  "domain_means": {
    "M": 0.6327970686168847,
    "WM": 0.31669,
    "K": 0.5049649118053093
  },
  "agi_percent": 14.5,
  "time_percent": 42.9,
  "counts": {
    "metrics_total": 3,
    "metrics_counted": 3
  },
  "commit": "7f537bb"
}