{
  "as_of": "2026-07-22T16:14:07.998918Z",
  "track": "pure_model",
  "domain_means": {
    "K": 0.4325827036375957,
    "WM": 0.32697,
    "M": 0.599907729287546
  },
  "agi_percent": 13.6,
  "time_percent": 42.9,
  "counts": {
    "metrics_total": 3,
    "metrics_counted": 3
  },
  "commit": "51226fe"
}