{
  "as_of": "2025-12-05T14:44:42.666712Z",
  "track": "pure_model",
  "domain_means": {
    "M": 0.6209172114765525,
    "WM": 0.31423,
    "K": 0.5003610102927513
  },
  "agi_percent": 14.4,
  "time_percent": 35.7,
  "counts": {
    "metrics_total": 3,
    "metrics_counted": 3
  },
  "commit": "cc6f3e9"
}