{
  "as_of": "2025-12-29T04:31:59.553605Z",
  "track": "pure_model",
  "domain_means": {
    "M": 0.6380562666765007,
    "WM": 0.31583,
    "K": 0.5070302657526277
  },
  "agi_percent": 14.6,
  "time_percent": 35.7,
  "counts": {
    "metrics_total": 3,
    "metrics_counted": 3
  },
  "commit": "9d8671d"
}