{
  "as_of": "2026-07-15T17:14:01.088129Z",
  "track": "pure_model",
  "domain_means": {
    "WM": 0.32668,
    "M": 0.600433753403376,
    "K": 0.4295819666395375
  },
  "agi_percent": 13.6,
  "time_percent": 42.9,
  "counts": {
    "metrics_total": 3,
    "metrics_counted": 3
  },
  "commit": "1d9ea37"
}