{
  "as_of": "2025-11-27T20:18:01.153616Z",
  "track": "pure_model",
  "domain_means": {
    "M": 0.5890889593341859,
    "WM": 0.31384,
    "K": 0.49261462505225095
  },
  "agi_percent": 14.0,
  "time_percent": 35.7,
  "counts": {
    "metrics_total": 3,
    "metrics_counted": 3
  },
  "commit": "c500b97"
}