{
  "as_of": "2026-01-14T10:51:52.705408Z",
  "track": "pure_model",
  "domain_means": {
    "M": 0.6524169704712189,
    "WM": 0.21772,
    "K": 0.5101163067256019
  },
  "agi_percent": 13.8,
  "time_percent": 42.9,
  "counts": {
    "metrics_total": 3,
    "metrics_counted": 3
  },
  "commit": "0d8460e"
}