{
  "as_of": "2026-03-23T11:02:52.347935Z",
  "track": "pure_model",
  "domain_means": {
    "M": 0.6282664747312411,
    "K": 0.493332473054736,
    "WM": 0.32094
  },
  "agi_percent": 14.4,
  "time_percent": 42.9,
  "counts": {
    "metrics_total": 3,
    "metrics_counted": 3
  },
  "commit": "969678c"
}