{
  "as_of": "2026-07-20T11:21:07.433218Z",
  "track": "pure_model",
  "domain_means": {
    "WM": 0.32686,
    "M": 0.6001258582732697,
    "K": 0.4323987583959044
  },
  "agi_percent": 13.6,
  "time_percent": 42.9,
  "counts": {
    "metrics_total": 3,
    "metrics_counted": 3
  },
  "commit": "6933d8f"
}