{
  "as_of": "2026-03-24T08:06:00.353871Z",
  "track": "pure_model",
  "domain_means": {
    "M": 0.6304359886719338,
    "K": 0.4930143080868475,
    "WM": 0.32097
  },
  "agi_percent": 14.4,
  "time_percent": 42.9,
  "counts": {
    "metrics_total": 3,
    "metrics_counted": 3
  },
  "commit": "60cf2f2"
}