{
  "as_of": "2026-01-10T20:41:03.913674Z",
  "track": "pure_model",
  "domain_means": {
    "M": 0.6446858675545362,
    "WM": 0.31705,
    "K": 0.50366928996962
  },
  "agi_percent": 14.7,
  "time_percent": 42.9,
  "counts": {
    "metrics_total": 3,
    "metrics_counted": 3
  },
  "commit": "379a066"
}