{
  "as_of": "2025-12-15T05:21:26.932877Z",
  "track": "pure_model",
  "domain_means": {
    "M": 0.6213246182574661,
    "K": 0.5105555598252917
  },
  "agi_percent": 11.3,
  "time_percent": 35.7,
  "counts": {
    "metrics_total": 2,
    "metrics_counted": 2
  },
  "commit": "7ac1e36"
}