{
  "as_of": "2026-01-25T09:20:47.123499Z",
  "track": "pure_model",
  "domain_means": {
    "M": 0.6520812935553874,
    "K": 0.5155118843960106
  },
  "agi_percent": 11.7,
  "time_percent": 42.9,
  "counts": {
    "metrics_total": 2,
    "metrics_counted": 2
  },
  "commit": "a807228"
}