{
  "as_of": "2026-03-22T13:58:00.765763Z",
  "track": "pure_model",
  "domain_means": {
    "M": 0.6287080566619756,
    "K": 0.4940432716994749,
    "WM": 0.3209
  },
  "agi_percent": 14.4,
  "time_percent": 42.9,
  "counts": {
    "metrics_total": 3,
    "metrics_counted": 3
  },
  "commit": "fd5e884"
}