{
  "as_of": "2026-04-04T04:22:59.057159Z",
  "track": "pure_model",
  "domain_means": {
    "M": 0.6154451165260615,
    "WM": 0.32223,
    "K": 0.4879805683884511
  },
  "agi_percent": 14.3,
  "time_percent": 42.9,
  "counts": {
    "metrics_total": 3,
    "metrics_counted": 3
  },
  "commit": "02f8b1c"
}