{
  "as_of": "2026-05-17T07:32:14.489901Z",
  "track": "pure_model",
  "domain_means": {
    "WM": 0.32454,
    "K": 0.5022799495485321,
    "M": 0.6421104907240949
  },
  "agi_percent": 14.7,
  "time_percent": 42.9,
  "counts": {
    "metrics_total": 3,
    "metrics_counted": 3
  },
  "commit": "da26503"
}