{
  "as_of": "2025-11-25T02:59:21.235174Z",
  "track": "pure_model",
  "domain_means": {
    "M": 0.563849488324849,
    "K": 0.49066481251229527
  },
  "agi_percent": 10.5,
  "time_percent": 35.7,
  "counts": {
    "metrics_total": 2,
    "metrics_counted": 2
  },
  "commit": "e6d9b0b"
}