{
  "as_of": "2026-01-02T14:12:41.265580Z",
  "track": "pure_model",
  "domain_means": {
    "M": 0.635973881777211,
    "WM": 0.31643,
    "K": 0.5060382573477158
  },
  "agi_percent": 14.6,
  "time_percent": 42.9,
  "counts": {
    "metrics_total": 3,
    "metrics_counted": 3
  },
  "commit": "8372cd1"
}