{
  "as_of": "2025-10-27T06:57:14.675344Z",
  "track": "pure_model",
  "domain_means": {
    "M": 0.6052067967059181,
    "WM": 0.31176,
    "K": 0.4280336206778325
  },
  "agi_percent": 13.5,
  "time_percent": 35.7,
  "counts": {
    "metrics_total": 3,
    "metrics_counted": 3
  },
  "commit": "1d03e8b"
}