{
  "as_of": "2025-12-31T11:12:34.185055Z",
  "track": "pure_model",
  "domain_means": {
    "M": 0.6388365911794219,
    "WM": 0.24833,
    "K": 0.5057045434617584
  },
  "agi_percent": 13.9,
  "time_percent": 35.7,
  "counts": {
    "metrics_total": 3,
    "metrics_counted": 3
  },
  "commit": "d99c3e7"
}