{
  "as_of": "2025-12-23T06:20:08.241999Z",
  "track": "pure_model",
  "domain_means": {
    "M": 0.6287325101803334,
    "WM": 0.31549,
    "K": 0.5096743717325469
  },
  "agi_percent": 14.5,
  "time_percent": 35.7,
  "counts": {
    "metrics_total": 3,
    "metrics_counted": 3
  },
  "commit": "ec73dc4"
}