{
  "as_of": "2025-11-04T15:44:36.625942Z",
  "track": "pure_model",
  "domain_means": {
    "M": 0.590096619417409,
    "K": 0.468035162154037
  },
  "agi_percent": 10.6,
  "time_percent": 35.7,
  "counts": {
    "metrics_total": 2,
    "metrics_counted": 2
  },
  "commit": "7ad6d38"
}