{
  "as_of": "2026-03-02T15:39:54.653217Z",
  "track": "pure_model",
  "domain_means": {
    "M": 0.6495311794300256,
    "K": 0.493253062828833,
    "WM": 0.31988
  },
  "agi_percent": 14.6,
  "time_percent": 42.9,
  "counts": {
    "metrics_total": 3,
    "metrics_counted": 3
  },
  "commit": "3c506e2"
}