{
  "as_of": "2025-12-14T16:45:57.194116Z",
  "track": "pure_model",
  "domain_means": {
    "M": 0.6213246182574661,
    "WM": 0.31477,
    "K": 0.5105555598252917
  },
  "agi_percent": 14.5,
  "time_percent": 35.7,
  "counts": {
    "metrics_total": 3,
    "metrics_counted": 3
  },
  "commit": "8345a5d"
}