{
  "as_of": "2026-02-05T06:56:24.958095Z",
  "track": "pure_model",
  "domain_means": {
    "M": 0.6576437207482696,
    "WM": 0.31867,
    "K": 0.5011489513246501
  },
  "agi_percent": 14.8,
  "time_percent": 42.9,
  "counts": {
    "metrics_total": 3,
    "metrics_counted": 3
  },
  "commit": "8a7d8c4"
}