{
  "as_of": "2025-12-07T07:36:59.819778Z",
  "track": "pure_model",
  "domain_means": {
    "M": 0.62097166505343,
    "WM": 0.31438,
    "K": 0.5031860484078455
  },
  "agi_percent": 14.4,
  "time_percent": 35.7,
  "counts": {
    "metrics_total": 3,
    "metrics_counted": 3
  },
  "commit": "af83040"
}