{
  "as_of": "2026-02-02T05:24:29.884251Z",
  "track": "pure_model",
  "domain_means": {
    "M": 0.652196305665078,
    "WM": 0.31845,
    "K": 0.5048972962808683
  },
  "agi_percent": 14.8,
  "time_percent": 42.9,
  "counts": {
    "metrics_total": 3,
    "metrics_counted": 3
  },
  "commit": "a58a87b"
}