{
  "as_of": "2026-02-15T05:19:20.625992Z",
  "track": "pure_model",
  "domain_means": {
    "M": 0.6532145567507305,
    "K": 0.49049993222767346,
    "WM": 0.31903
  },
  "agi_percent": 14.6,
  "time_percent": 42.9,
  "counts": {
    "metrics_total": 3,
    "metrics_counted": 3
  },
  "commit": "b5382d8"
}