{
  "as_of": "2026-01-08T11:40:40.726391Z",
  "track": "pure_model",
  "domain_means": {
    "M": 0.6377007372498754,
    "K": 0.5035315498449897
  },
  "agi_percent": 11.4,
  "time_percent": 42.9,
  "counts": {
    "metrics_total": 2,
    "metrics_counted": 2
  },
  "commit": "231726c"
}