{
  "as_of": "2026-03-01T10:22:37.273599Z",
  "track": "pure_model",
  "domain_means": {
    "M": 0.6529875703441236,
    "K": 0.4917274757293539,
    "WM": 0.31979
  },
  "agi_percent": 14.6,
  "time_percent": 42.9,
  "counts": {
    "metrics_total": 3,
    "metrics_counted": 3
  },
  "commit": "09beade"
}