{
  "as_of": "2026-05-25T22:05:25.337495Z",
  "track": "pure_model",
  "domain_means": {
    "WM": 0.3248,
    "K": 0.5006485277061518,
    "M": 0.6288668570593907
  },
  "agi_percent": 14.5,
  "time_percent": 42.9,
  "counts": {
    "metrics_total": 3,
    "metrics_counted": 3
  },
  "commit": "0476d49"
}