{
  "as_of": "2026-01-06T06:20:45.743673Z",
  "track": "pure_model",
  "domain_means": {
    "M": 0.6327970686168847,
    "WM": 0.31678,
    "K": 0.5049649118053093
  },
  "agi_percent": 14.5,
  "time_percent": 42.9,
  "counts": {
    "metrics_total": 3,
    "metrics_counted": 3
  },
  "commit": "bfaa49b"
}