{
  "as_of": "2025-12-18T06:31:06.229595Z",
  "track": "pure_model",
  "domain_means": {
    "M": 0.6277850345437098,
    "K": 0.5107429982044864
  },
  "agi_percent": 11.4,
  "time_percent": 35.7,
  "counts": {
    "metrics_total": 2,
    "metrics_counted": 2
  },
  "commit": "3aa7317"
}