{
  "as_of": "2025-12-31T11:18:18.954426Z",
  "track": "pure_model",
  "domain_means": {
    "M": 0.6388365911794219,
    "K": 0.5057045434617584
  },
  "agi_percent": 11.4,
  "time_percent": 35.7,
  "counts": {
    "metrics_total": 2,
    "metrics_counted": 2
  },
  "commit": "0528c84"
}