{
  "as_of": "2026-01-27T06:58:20.669961Z",
  "track": "pure_model",
  "domain_means": {
    "M": 0.653179682062679,
    "WM": 0.31813,
    "K": 0.514333950936397
  },
  "agi_percent": 14.9,
  "time_percent": 42.9,
  "counts": {
    "metrics_total": 3,
    "metrics_counted": 3
  },
  "commit": "ec410c5"
}