{
  "as_of": "2026-07-23T16:19:10.869769Z",
  "track": "pure_model",
  "domain_means": {
    "WM": 0.32701,
    "M": 0.6011351911531606,
    "K": 0.43668934249562624
  },
  "agi_percent": 13.6,
  "time_percent": 42.9,
  "counts": {
    "metrics_total": 3,
    "metrics_counted": 3
  },
  "commit": "975d166"
}