{
  "as_of": "2026-02-21T20:14:49.418227Z",
  "track": "pure_model",
  "domain_means": {
    "WM": 0.31929,
    "K": 0.48330341707118274
  },
  "agi_percent": 8.0,
  "time_percent": 42.9,
  "counts": {
    "metrics_total": 2,
    "metrics_counted": 2
  },
  "commit": "9b55512"
}