{
  "as_of": "2026-06-14T15:22:36.949598Z",
  "track": "pure_model",
  "domain_means": {
    "WM": 0.32544,
    "M": 0.5704863301279437,
    "K": 0.437552075160279
  },
  "agi_percent": 13.3,
  "time_percent": 42.9,
  "counts": {
    "metrics_total": 3,
    "metrics_counted": 3
  },
  "commit": "e7bb040"
}