{
  "as_of": "2026-07-20T05:03:31.434598Z",
  "track": "pure_model",
  "domain_means": {
    "WM": 0.32684,
    "M": 0.6001984221025556,
    "K": 0.4323987583959044
  },
  "agi_percent": 13.6,
  "time_percent": 42.9,
  "counts": {
    "metrics_total": 3,
    "metrics_counted": 3
  },
  "commit": "e76a7d0"
}