{
  "as_of": "2025-11-26T05:12:28.256562Z",
  "track": "pure_model",
  "domain_means": {
    "M": 0.5703495271886184,
    "WM": 0.31369,
    "K": 0.49148362682836894
  },
  "agi_percent": 13.8,
  "time_percent": 35.7,
  "counts": {
    "metrics_total": 3,
    "metrics_counted": 3
  },
  "commit": "c1459ac"
}