{
  "as_of": "2025-11-19T19:38:23.352351Z",
  "track": "pure_model",
  "domain_means": {
    "M": 0.547103685479677,
    "K": 0.48840659912778334
  },
  "agi_percent": 10.4,
  "time_percent": 35.7,
  "counts": {
    "metrics_total": 2,
    "metrics_counted": 2
  },
  "commit": "0a833c8"
}