{
  "as_of": "2026-06-02T09:44:40.419026Z",
  "track": "pure_model",
  "domain_means": {
    "K": 0.492132073840682,
    "WM": 0.32508,
    "M": 0.6214869410621432
  },
  "agi_percent": 14.4,
  "time_percent": 42.9,
  "counts": {
    "metrics_total": 3,
    "metrics_counted": 3
  },
  "commit": "639bbc7"
}