{
  "as_of": "2026-03-12T01:56:05.827707Z",
  "track": "pure_model",
  "domain_means": {
    "M": 0.6355078275266847,
    "K": 0.4959818560669655,
    "WM": 0.32031
  },
  "agi_percent": 14.5,
  "time_percent": 42.9,
  "counts": {
    "metrics_total": 3,
    "metrics_counted": 3
  },
  "commit": "5e9d6ee"
}