{
  "as_of": "2026-01-20T15:52:43.175683Z",
  "track": "pure_model",
  "domain_means": {
    "M": 0.660141858953281,
    "WM": 0.31756,
    "K": 0.5164982732335296
  },
  "agi_percent": 14.9,
  "time_percent": 42.9,
  "counts": {
    "metrics_total": 3,
    "metrics_counted": 3
  },
  "commit": "662cc0c"
}