{
  "as_of": "2026-04-11T07:10:22.719325Z",
  "track": "pure_model",
  "domain_means": {
    "WM": 0.32252,
    "K": 0.5061048158936935,
    "M": 0.6605525852310186
  },
  "agi_percent": 14.9,
  "time_percent": 42.9,
  "counts": {
    "metrics_total": 3,
    "metrics_counted": 3
  },
  "commit": "4ed7ff8"
}