{
  "as_of": "2026-03-10T21:50:57.681343Z",
  "track": "pure_model",
  "domain_means": {
    "M": 0.6328894667958916,
    "K": 0.49575194878955475,
    "WM": 0.32025
  },
  "agi_percent": 14.5,
  "time_percent": 42.9,
  "counts": {
    "metrics_total": 3,
    "metrics_counted": 3
  },
  "commit": "e18725b"
}