{
  "as_of": "2026-02-20T05:35:08.992873Z",
  "track": "pure_model",
  "domain_means": {
    "M": 0.6486174460398638,
    "WM": 0.31922,
    "K": 0.48456856012909766
  },
  "agi_percent": 14.5,
  "time_percent": 42.9,
  "counts": {
    "metrics_total": 3,
    "metrics_counted": 3
  },
  "commit": "2240fa4"
}