{
  "as_of": "2025-10-21T17:32:21.809652Z",
  "track": "pure_model",
  "domain_means": {
    "M": 0.6193895479815915,
    "WM": 0.31138,
    "K": 0.43616672352014985
  },
  "agi_percent": 13.7,
  "time_percent": 35.7,
  "counts": {
    "metrics_total": 3,
    "metrics_counted": 3
  },
  "commit": "012baa1"
}