{
  "as_of": "2026-01-13T08:28:06.903634Z",
  "track": "pure_model",
  "domain_means": {
    "M": 0.65074985923297,
    "WM": 0.3172,
    "K": 0.5082030037783636
  },
  "agi_percent": 14.8,
  "time_percent": 42.9,
  "counts": {
    "metrics_total": 3,
    "metrics_counted": 3
  },
  "commit": "dee1343"
}