{
  "as_of": "2026-01-30T04:07:36.443431Z",
  "track": "pure_model",
  "domain_means": {
    "M": 0.6490526771140731,
    "WM": 0.31831,
    "K": 0.510867688009052
  },
  "agi_percent": 14.8,
  "time_percent": 42.9,
  "counts": {
    "metrics_total": 3,
    "metrics_counted": 3
  },
  "commit": "e754f5a"
}