{
  "as_of": "2026-01-19T03:19:26.937684Z",
  "track": "pure_model",
  "domain_means": {
    "M": 0.6597287887464346,
    "WM": 0.31744,
    "K": 0.5137975617194084
  },
  "agi_percent": 14.9,
  "time_percent": 42.9,
  "counts": {
    "metrics_total": 3,
    "metrics_counted": 3
  },
  "commit": "8696787"
}