{
  "as_of": "2026-01-06T09:46:09.721592Z",
  "track": "pure_model",
  "domain_means": {
    "M": 0.6337842211790586,
    "WM": 0.3168,
    "K": 0.5044902713265049
  },
  "agi_percent": 14.6,
  "time_percent": 42.9,
  "counts": {
    "metrics_total": 3,
    "metrics_counted": 3
  },
  "commit": "0d5b90f"
}