{
  "as_of": "2025-12-03T09:22:37.591109Z",
  "track": "pure_model",
  "domain_means": {
    "M": 0.6207536045197605,
    "WM": 0.31413,
    "K": 0.4974961877359156
  },
  "agi_percent": 14.3,
  "time_percent": 35.7,
  "counts": {
    "metrics_total": 3,
    "metrics_counted": 3
  },
  "commit": "16ace03"
}