{
  "as_of": "2026-06-28T22:53:56.867854Z",
  "track": "pure_model",
  "domain_means": {
    "WM": 0.32601,
    "M": 0.7389882942680773,
    "K": 0.4206244111352608
  },
  "agi_percent": 14.9,
  "time_percent": 42.9,
  "counts": {
    "metrics_total": 3,
    "metrics_counted": 3
  },
  "commit": "d8938db"
}