{
  "as_of": "2025-12-03T08:17:27.081153Z",
  "track": "pure_model",
  "domain_means": {
    "M": 0.6207536045197605,
    "WM": 0.31411,
    "K": 0.4974961877359156
  },
  "agi_percent": 14.3,
  "time_percent": 35.7,
  "counts": {
    "metrics_total": 3,
    "metrics_counted": 3
  },
  "commit": "23c4801"
}