{
  "as_of": "2026-04-07T07:55:31.020246Z",
  "track": "pure_model",
  "domain_means": {
    "M": 0.6606155675396698,
    "WM": 0.32236,
    "K": 0.5047618754487563
  },
  "agi_percent": 14.9,
  "time_percent": 42.9,
  "counts": {
    "metrics_total": 3,
    "metrics_counted": 3
  },
  "commit": "1104263"
}