{
  "as_of": "2026-01-10T06:19:29.741221Z",
  "track": "pure_model",
  "domain_means": {
    "M": 0.6410561853549676,
    "K": 0.5024900582988228
  },
  "agi_percent": 11.4,
  "time_percent": 42.9,
  "counts": {
    "metrics_total": 2,
    "metrics_counted": 2
  },
  "commit": "d39a287"
}