{
  "as_of": "2026-06-27T18:00:03.515313Z",
  "track": "pure_model",
  "domain_means": {
    "WM": 0.32596,
    "M": 0.7389829639971776,
    "K": 0.42421785274430396
  },
  "agi_percent": 14.9,
  "time_percent": 42.9,
  "counts": {
    "metrics_total": 3,
    "metrics_counted": 3
  },
  "commit": "daa0c7c"
}