{
  "as_of": "2026-01-27T23:13:31.612749Z",
  "track": "pure_model",
  "domain_means": {
    "M": 0.6534495224116533,
    "WM": 0.31821,
    "K": 0.5138573571905087
  },
  "agi_percent": 14.9,
  "time_percent": 42.9,
  "counts": {
    "metrics_total": 3,
    "metrics_counted": 3
  },
  "commit": "2a81530"
}