{
  "as_of": "2025-12-24T04:10:55.088280Z",
  "track": "pure_model",
  "domain_means": {
    "M": 0.640932348860004,
    "K": 0.5096743717325469
  },
  "agi_percent": 11.5,
  "time_percent": 35.7,
  "counts": {
    "metrics_total": 2,
    "metrics_counted": 2
  },
  "commit": "0293d58"
}