{
  "as_of": "2026-02-06T19:54:38.456506Z",
  "track": "pure_model",
  "domain_means": {
    "M": 0.6576355210978898,
    "WM": 0.31874,
    "K": 0.4996371801242876
  },
  "agi_percent": 14.8,
  "time_percent": 42.9,
  "counts": {
    "metrics_total": 3,
    "metrics_counted": 3
  },
  "commit": "166f1cb"
}