{
  "as_of": "2025-11-14T07:36:47.478902Z",
  "track": "pure_model",
  "domain_means": {
    "M": 0.5438998885556671,
    "WM": 0.31291,
    "K": 0.48780945149161536
  },
  "agi_percent": 13.4,
  "time_percent": 35.7,
  "counts": {
    "metrics_total": 3,
    "metrics_counted": 3
  },
  "commit": "4360b90"
}