{
  "as_of": "2025-11-04T23:35:36.227734Z",
  "track": "pure_model",
  "domain_means": {
    "M": 0.590096619417409,
    "WM": 0.31227,
    "K": 0.468035162154037
  },
  "agi_percent": 13.7,
  "time_percent": 35.7,
  "counts": {
    "metrics_total": 3,
    "metrics_counted": 3
  },
  "commit": "c6d2a67"
}