{
  "as_of": "2025-10-25T05:33:52.746602Z",
  "track": "pure_model",
  "domain_means": {
    "M": 0.6122776460409504,
    "WM": 0.31166,
    "K": 0.41909129211004764
  },
  "agi_percent": 13.4,
  "time_percent": 35.7,
  "counts": {
    "metrics_total": 3,
    "metrics_counted": 3
  },
  "commit": "f8ed68c"
}