{
  "as_of": "2026-06-22T21:30:15.492778Z",
  "track": "pure_model",
  "domain_means": {
    "WM": 0.32567,
    "M": 0.7389056309268095,
    "K": 0.445656999772348
  },
  "agi_percent": 15.1,
  "time_percent": 42.9,
  "counts": {
    "metrics_total": 3,
    "metrics_counted": 3
  },
  "commit": "700dab8"
}