{
  "as_of": "2025-12-03T10:14:58.556573Z",
  "track": "pure_model",
  "domain_means": {
    "M": 0.6208218190320663,
    "WM": 0.24689,
    "K": 0.4974961877359156
  },
  "agi_percent": 13.7,
  "time_percent": 35.7,
  "counts": {
    "metrics_total": 3,
    "metrics_counted": 3
  },
  "commit": "110c1b0"
}