{
  "as_of": "2026-04-01T01:29:08.189602Z",
  "track": "pure_model",
  "domain_means": {
    "M": 0.6167839528575032,
    "WM": 0.32179,
    "K": 0.4884915051945871
  },
  "agi_percent": 14.3,
  "time_percent": 42.9,
  "counts": {
    "metrics_total": 3,
    "metrics_counted": 3
  },
  "commit": "da771e4"
}