{
  "as_of": "2025-10-31T04:15:27.512788Z",
  "track": "pure_model",
  "domain_means": {
    "M": 0.5977833002706748,
    "WM": 0.3119,
    "K": 0.4431608071107392
  },
  "agi_percent": 13.5,
  "time_percent": 35.7,
  "counts": {
    "metrics_total": 3,
    "metrics_counted": 3
  },
  "commit": "8e23c34"
}