{
  "as_of": "2026-07-16T00:53:56.729790Z",
  "track": "pure_model",
  "domain_means": {
    "WM": 0.32669,
    "M": 0.600433753403376,
    "K": 0.4295819666395375
  },
  "agi_percent": 13.6,
  "time_percent": 42.9,
  "counts": {
    "metrics_total": 3,
    "metrics_counted": 3
  },
  "commit": "ae1d07b"
}