{
  "as_of": "2026-04-18T11:56:23.435449Z",
  "track": "pure_model",
  "domain_means": {
    "WM": 0.323,
    "K": 0.4974212188906321,
    "M": 0.6768270188489721
  },
  "agi_percent": 15.0,
  "time_percent": 42.9,
  "counts": {
    "metrics_total": 3,
    "metrics_counted": 3
  },
  "commit": "58fa009"
}