{
  "as_of": "2025-12-03T06:19:09.011766Z",
  "track": "pure_model",
  "domain_means": {
    "M": 0.6207536045197605,
    "WM": 0.31411,
    "K": 0.4955213089332831
  },
  "agi_percent": 14.3,
  "time_percent": 35.7,
  "counts": {
    "metrics_total": 3,
    "metrics_counted": 3
  },
  "commit": "ae07cbd"
}