{
  "as_of": "2026-04-22T07:09:34.859606Z",
  "track": "pure_model",
  "domain_means": {
    "M": 0.6803265110500797,
    "K": 0.4974961877359156,
    "WM": 0.32334
  },
  "agi_percent": 15.0,
  "time_percent": 42.9,
  "counts": {
    "metrics_total": 3,
    "metrics_counted": 3
  },
  "commit": "a50c7fe"
}