{
  "as_of": "2026-02-21T04:05:18.285113Z",
  "track": "pure_model",
  "domain_means": {
    "M": 0.6482262894814886,
    "WM": 0.31928,
    "K": 0.48429931339464477
  },
  "agi_percent": 14.5,
  "time_percent": 42.9,
  "counts": {
    "metrics_total": 3,
    "metrics_counted": 3
  },
  "commit": "48e6bf1"
}