{
  "as_of": "2026-05-02T16:07:09.254715Z",
  "track": "pure_model",
  "domain_means": {
    "K": 0.49927253243292496,
    "M": 0.6740246034797872
  },
  "agi_percent": 11.7,
  "time_percent": 42.9,
  "counts": {
    "metrics_total": 2,
    "metrics_counted": 2
  },
  "commit": "6dfac2a"
}