{
  "as_of": "2026-01-23T07:24:56.814534Z",
  "track": "pure_model",
  "domain_means": {
    "M": 0.6528124797564473,
    "K": 0.5163251784990249
  },
  "agi_percent": 11.7,
  "time_percent": 42.9,
  "counts": {
    "metrics_total": 2,
    "metrics_counted": 2
  },
  "commit": "6017f94"
}