{
  "as_of": "2026-04-23T15:23:38.708399Z",
  "track": "pure_model",
  "domain_means": {
    "WM": 0.32338,
    "K": 0.49779528904437415,
    "M": 0.6841835407582737
  },
  "agi_percent": 15.1,
  "time_percent": 42.9,
  "counts": {
    "metrics_total": 3,
    "metrics_counted": 3
  },
  "commit": "bb208f8"
}