{
  "as_of": "2026-01-08T11:19:37.945720Z",
  "track": "pure_model",
  "domain_means": {
    "M": 0.6377007372498754,
    "WM": 0.24887,
    "K": 0.5035315498449897
  },
  "agi_percent": 13.9,
  "time_percent": 42.9,
  "counts": {
    "metrics_total": 3,
    "metrics_counted": 3
  },
  "commit": "7143335"
}