{
  "as_of": "2026-04-15T16:03:33.368025Z",
  "track": "pure_model",
  "domain_means": {
    "WM": 0.32281,
    "K": 0.4995643973995522,
    "M": 0.6652781678966581
  },
  "agi_percent": 14.9,
  "time_percent": 42.9,
  "counts": {
    "metrics_total": 3,
    "metrics_counted": 3
  },
  "commit": "2332f2b"
}