{
  "as_of": "2026-02-01T10:53:58.583402Z",
  "track": "pure_model",
  "domain_means": {
    "M": 0.652196305665078,
    "K": 0.5048972962808683
  },
  "agi_percent": 11.6,
  "time_percent": 42.9,
  "counts": {
    "metrics_total": 2,
    "metrics_counted": 2
  },
  "commit": "5ca8107"
}