{
  "as_of": "2025-11-28T21:37:10.210544Z",
  "track": "pure_model",
  "domain_means": {
    "M": 0.6205211931326152,
    "WM": 0.31389,
    "K": 0.4931735653868489
  },
  "agi_percent": 14.3,
  "time_percent": 35.7,
  "counts": {
    "metrics_total": 3,
    "metrics_counted": 3
  },
  "commit": "6d652e0"
}