{
  "as_of": "2026-05-19T23:54:08.604894Z",
  "track": "pure_model",
  "domain_means": {
    "WM": 0.3246,
    "K": 0.502139537450862,
    "M": 0.640983973149797
  },
  "agi_percent": 14.7,
  "time_percent": 42.9,
  "counts": {
    "metrics_total": 3,
    "metrics_counted": 3
  },
  "commit": "2411833"
}