{
  "as_of": "2026-06-19T07:37:52.802909Z",
  "track": "pure_model",
  "domain_means": {
    "WM": 0.3256,
    "M": 0.7387346719045134,
    "K": 0.45280628721658744
  },
  "agi_percent": 15.2,
  "time_percent": 42.9,
  "counts": {
    "metrics_total": 3,
    "metrics_counted": 3
  },
  "commit": "4d3e700"
}