{
  "as_of": "2025-11-20T07:38:09.777745Z",
  "track": "pure_model",
  "domain_means": {
    "M": 0.5613191231322922,
    "WM": 0.04629,
    "K": 0.4888301369871997
  },
  "agi_percent": 11.0,
  "time_percent": 35.7,
  "counts": {
    "metrics_total": 3,
    "metrics_counted": 3
  },
  "commit": "0257d93"
}