{
  "as_of": "2026-07-10T20:48:30.609984Z",
  "track": "pure_model",
  "domain_means": {
    "WM": 0.32655,
    "M": 0.727365734767823,
    "K": 0.36735333044265417
  },
  "agi_percent": 14.2,
  "time_percent": 42.9,
  "counts": {
    "metrics_total": 3,
    "metrics_counted": 3
  },
  "commit": "88fbe0a"
}