{
  "as_of": "2025-11-14T23:16:11.072393Z",
  "track": "pure_model",
  "domain_means": {
    "M": 0.5426659544537337,
    "WM": 0.31295,
    "K": 0.48780945149161536
  },
  "agi_percent": 13.4,
  "time_percent": 35.7,
  "counts": {
    "metrics_total": 3,
    "metrics_counted": 3
  },
  "commit": "be14f8d"
}