{
  "as_of": "2026-02-11T19:33:34.685773Z",
  "track": "pure_model",
  "domain_means": {
    "M": 0.6579137894261531,
    "WM": 0.319,
    "K": 0.49420028350431866
  },
  "agi_percent": 14.7,
  "time_percent": 42.9,
  "counts": {
    "metrics_total": 3,
    "metrics_counted": 3
  },
  "commit": "d965093"
}