{
  "as_of": "2025-11-25T03:35:53.148435Z",
  "track": "pure_model",
  "domain_means": {
    "M": 0.563849488324849,
    "WM": 0.31366,
    "K": 0.49066481251229527
  },
  "agi_percent": 13.7,
  "time_percent": 35.7,
  "counts": {
    "metrics_total": 3,
    "metrics_counted": 3
  },
  "commit": "95328a2"
}