{
  "as_of": "2025-11-24T04:52:28.890801Z",
  "track": "pure_model",
  "domain_means": {
    "M": 0.563729550578019,
    "WM": 0.3135,
    "K": 0.4901690406175949
  },
  "agi_percent": 13.7,
  "time_percent": 35.7,
  "counts": {
    "metrics_total": 3,
    "metrics_counted": 3
  },
  "commit": "2c53ceb"
}