{
  "as_of": "2026-01-24T13:29:02.578064Z",
  "track": "pure_model",
  "domain_means": {
    "M": 0.6533016700283659,
    "WM": 0.31786,
    "K": 0.5157451881069408
  },
  "agi_percent": 14.9,
  "time_percent": 42.9,
  "counts": {
    "metrics_total": 3,
    "metrics_counted": 3
  },
  "commit": "4699581"
}