{
  "as_of": "2026-06-04T12:26:18.646107Z",
  "track": "pure_model",
  "domain_means": {
    "K": 0.48950268457746904,
    "WM": 0.32511,
    "M": 0.6247496877689561
  },
  "agi_percent": 14.4,
  "time_percent": 42.9,
  "counts": {
    "metrics_total": 3,
    "metrics_counted": 3
  },
  "commit": "b596cb1"
}