{
  "as_of": "2025-12-29T10:15:04.410342Z",
  "track": "pure_model",
  "domain_means": {
    "M": 0.6370933894904487,
    "WM": 0.31596,
    "K": 0.5060382573477158
  },
  "agi_percent": 14.6,
  "time_percent": 35.7,
  "counts": {
    "metrics_total": 3,
    "metrics_counted": 3
  },
  "commit": "e9e4bbc"
}