{
  "as_of": "2026-05-05T10:57:38.692376Z",
  "track": "pure_model",
  "domain_means": {
    "WM": 0.32411,
    "K": 0.4886610191213621,
    "M": 0.6402057159176735
  },
  "agi_percent": 14.5,
  "time_percent": 42.9,
  "counts": {
    "metrics_total": 3,
    "metrics_counted": 3
  },
  "commit": "ee4dfc4"
}