{
  "as_of": "2025-12-31T06:30:08.493977Z",
  "track": "pure_model",
  "domain_means": {
    "M": 0.6354966943399134,
    "WM": 0.31624,
    "K": 0.5057714094375534
  },
  "agi_percent": 14.6,
  "time_percent": 35.7,
  "counts": {
    "metrics_total": 3,
    "metrics_counted": 3
  },
  "commit": "df2ff29"
}