{
  "as_of": "2026-06-01T01:37:54.337033Z",
  "track": "pure_model",
  "domain_means": {
    "K": 0.49513526847875294,
    "WM": 0.32505,
    "M": 0.624257200333004
  },
  "agi_percent": 14.4,
  "time_percent": 42.9,
  "counts": {
    "metrics_total": 3,
    "metrics_counted": 3
  },
  "commit": "b7a8d14"
}