{
  "as_of": "2025-11-16T07:35:39.283865Z",
  "track": "pure_model",
  "domain_means": {
    "M": 0.5441756314173357,
    "K": 0.4889988606385404
  },
  "agi_percent": 10.3,
  "time_percent": 35.7,
  "counts": {
    "metrics_total": 2,
    "metrics_counted": 2
  },
  "commit": "d3c3b64"
}