{
  "as_of": "2026-04-22T21:28:37.368944Z",
  "track": "pure_model",
  "domain_means": {
    "WM": 0.32337,
    "K": 0.49764589288473227,
    "M": 0.6837332333108305
  },
  "agi_percent": 15.0,
  "time_percent": 42.9,
  "counts": {
    "metrics_total": 3,
    "metrics_counted": 3
  },
  "commit": "0a20469"
}