{
  "as_of": "2026-02-28T15:14:05.904632Z",
  "track": "pure_model",
  "domain_means": {
    "M": 0.6535103151317131,
    "K": 0.48941895707981553,
    "WM": 0.21942
  },
  "agi_percent": 13.6,
  "time_percent": 42.9,
  "counts": {
    "metrics_total": 3,
    "metrics_counted": 3
  },
  "commit": "f802680"
}