{
  "as_of": "2026-01-02T08:27:03.044948Z",
  "track": "pure_model",
  "domain_means": {
    "M": 0.635973881777211,
    "WM": 0.31641,
    "K": 0.5060382573477158
  },
  "agi_percent": 14.6,
  "time_percent": 42.9,
  "counts": {
    "metrics_total": 3,
    "metrics_counted": 3
  },
  "commit": "b8702f2"
}