{
  "as_of": "2026-04-28T15:03:57.129031Z",
  "track": "pure_model",
  "domain_means": {
    "M": 0.679851476266906,
    "K": 0.49875891963868924,
    "WM": 0.32361
  },
  "agi_percent": 15.0,
  "time_percent": 42.9,
  "counts": {
    "metrics_total": 3,
    "metrics_counted": 3
  },
  "commit": "96f24b2"
}