{
  "as_of": "2025-12-22T20:43:49.842539Z",
  "track": "pure_model",
  "domain_means": {
    "M": 0.6287325101803334,
    "WM": 0.26869,
    "K": 0.5096743717325469
  },
  "agi_percent": 14.1,
  "time_percent": 35.7,
  "counts": {
    "metrics_total": 3,
    "metrics_counted": 3
  },
  "commit": "a8430f0"
}