{
  "as_of": "2026-04-19T18:47:03.160421Z",
  "track": "pure_model",
  "domain_means": {
    "K": 0.4974961877359156,
    "M": 0.6779505073400109
  },
  "agi_percent": 11.8,
  "time_percent": 42.9,
  "counts": {
    "metrics_total": 2,
    "metrics_counted": 2
  },
  "commit": "ea5e266"
}