{
  "as_of": "2026-05-06T21:08:47.091103Z",
  "track": "pure_model",
  "domain_means": {
    "WM": 0.32422,
    "K": 0.48625091825875777,
    "M": 0.6454079412981689
  },
  "agi_percent": 14.6,
  "time_percent": 42.9,
  "counts": {
    "metrics_total": 3,
    "metrics_counted": 3
  },
  "commit": "c3ac8a9"
}