{
  "as_of": "2026-04-26T18:36:55.843278Z",
  "track": "pure_model",
  "domain_means": {
    "WM": 0.32356,
    "K": 0.49875891963868924,
    "M": 0.682893574094249
  },
  "agi_percent": 15.1,
  "time_percent": 42.9,
  "counts": {
    "metrics_total": 3,
    "metrics_counted": 3
  },
  "commit": "f1b74c4"
}