{
  "as_of": "2026-04-22T07:10:47.586720Z",
  "track": "pure_model",
  "domain_means": {
    "WM": 0.32334,
    "K": 0.4974961877359156,
    "M": 0.6803265110500797
  },
  "agi_percent": 15.0,
  "time_percent": 42.9,
  "counts": {
    "metrics_total": 3,
    "metrics_counted": 3
  },
  "commit": "21a6a11"
}