{
  "as_of": "2026-03-04T06:02:50.926666Z",
  "track": "pure_model",
  "domain_means": {
    "M": 0.6495495203432494,
    "K": 0.4936492456113084,
    "WM": 0.31994
  },
  "agi_percent": 14.6,
  "time_percent": 42.9,
  "counts": {
    "metrics_total": 3,
    "metrics_counted": 3
  },
  "commit": "3d91c71"
}