{
  "as_of": "2025-11-07T07:36:36.238684Z",
  "track": "pure_model",
  "domain_means": {
    "M": 0.5791573892442313,
    "WM": 0.31244,
    "K": 0.47449255416997066
  },
  "agi_percent": 13.7,
  "time_percent": 35.7,
  "counts": {
    "metrics_total": 3,
    "metrics_counted": 3
  },
  "commit": "a882a61"
}