{
  "as_of": "2026-02-12T11:33:16.821380Z",
  "track": "pure_model",
  "domain_means": {
    "M": 0.6565199529414145,
    "WM": 0.31903,
    "K": 0.4922127227778841
  },
  "agi_percent": 14.7,
  "time_percent": 42.9,
  "counts": {
    "metrics_total": 3,
    "metrics_counted": 3
  },
  "commit": "4ed1940"
}