{
  "as_of": "2026-01-30T19:55:44.520792Z",
  "track": "pure_model",
  "domain_means": {
    "M": 0.6492739174706799,
    "WM": 0.31835,
    "K": 0.5087181832745539
  },
  "agi_percent": 14.8,
  "time_percent": 42.9,
  "counts": {
    "metrics_total": 3,
    "metrics_counted": 3
  },
  "commit": "df44c98"
}