{
  "as_of": "2026-04-29T17:16:37.749106Z",
  "track": "pure_model",
  "domain_means": {
    "WM": 0.32373,
    "K": 0.49949154141589686,
    "M": 0.679851476266906
  },
  "agi_percent": 15.0,
  "time_percent": 42.9,
  "counts": {
    "metrics_total": 3,
    "metrics_counted": 3
  },
  "commit": "da01e65"
}