{
  "as_of": "2026-04-18T05:28:23.660769Z",
  "track": "pure_model",
  "domain_means": {
    "WM": 0.32299,
    "K": 0.4977206295084609,
    "M": 0.6658440890260237
  },
  "agi_percent": 14.9,
  "time_percent": 42.9,
  "counts": {
    "metrics_total": 3,
    "metrics_counted": 3
  },
  "commit": "7be9ff8"
}