{
  "as_of": "2026-04-30T21:58:47.734907Z",
  "track": "pure_model",
  "domain_means": {
    "WM": 0.32381,
    "K": 0.5002889521348334,
    "M": 0.6739984443130224
  },
  "agi_percent": 15.0,
  "time_percent": 42.9,
  "counts": {
    "metrics_total": 3,
    "metrics_counted": 3
  },
  "commit": "ec33ac0"
}