{
  "as_of": "2025-11-07T04:16:18.449151Z",
  "track": "pure_model",
  "domain_means": {
    "M": 0.5831665605966921,
    "K": 0.472509350286686
  },
  "agi_percent": 10.6,
  "time_percent": 35.7,
  "counts": {
    "metrics_total": 2,
    "metrics_counted": 2
  },
  "commit": "dd0ffcc"
}