{
  "as_of": "2026-06-22T21:54:52.535436Z",
  "track": "pure_model",
  "domain_means": {
    "WM": 0.32568,
    "M": 0.7389056309268095,
    "K": 0.445656999772348
  },
  "agi_percent": 15.1,
  "time_percent": 42.9,
  "counts": {
    "metrics_total": 3,
    "metrics_counted": 3
  },
  "commit": "76044b8"
}