{
  "as_of": "2026-03-30T07:05:34.527627Z",
  "track": "pure_model",
  "domain_means": {
    "M": 0.6174156161682164,
    "WM": 0.32179,
    "K": 0.4904173510280134
  },
  "agi_percent": 14.3,
  "time_percent": 42.9,
  "counts": {
    "metrics_total": 3,
    "metrics_counted": 3
  },
  "commit": "17d5ab4"
}