{
  "as_of": "2026-04-17T17:40:15.923640Z",
  "track": "pure_model",
  "domain_means": {
    "WM": 0.32297,
    "K": 0.4977206295084609,
    "M": 0.6658440890260237
  },
  "agi_percent": 14.9,
  "time_percent": 42.9,
  "counts": {
    "metrics_total": 3,
    "metrics_counted": 3
  },
  "commit": "7f3635d"
}