{
  "as_of": "2026-04-22T05:11:13.199725Z",
  "track": "pure_model",
  "domain_means": {
    "WM": 0.32333,
    "K": 0.4974961877359156,
    "M": 0.6803265110500797
  },
  "agi_percent": 15.0,
  "time_percent": 42.9,
  "counts": {
    "metrics_total": 3,
    "metrics_counted": 3
  },
  "commit": "a3ae9e3"
}