{
  "as_of": "2025-11-18T23:34:26.791095Z",
  "track": "pure_model",
  "domain_means": {
    "M": 0.5454615977586266,
    "K": 0.48806597537611895
  },
  "agi_percent": 10.3,
  "time_percent": 35.7,
  "counts": {
    "metrics_total": 2,
    "metrics_counted": 2
  },
  "commit": "a425b09"
}