{
  "as_of": "2025-12-15T15:18:19.786494Z",
  "track": "pure_model",
  "domain_means": {
    "M": 0.6218239489046226,
    "K": 0.5106805726605993
  },
  "agi_percent": 11.3,
  "time_percent": 35.7,
  "counts": {
    "metrics_total": 2,
    "metrics_counted": 2
  },
  "commit": "66febd7"
}