{
  "as_of": "2026-06-18T16:28:05.403540Z",
  "track": "pure_model",
  "domain_means": {
    "WM": 0.32559,
    "M": 0.7387346719045134,
    "K": 0.44519547378584723
  },
  "agi_percent": 15.1,
  "time_percent": 42.9,
  "counts": {
    "metrics_total": 3,
    "metrics_counted": 3
  },
  "commit": "71751a2"
}