{
  "as_of": "2025-10-31T12:22:57.348585Z",
  "track": "pure_model",
  "domain_means": {
    "M": 0.5988071138551834,
    "WM": 0.31189,
    "K": 0.44982833405600314
  },
  "agi_percent": 13.6,
  "time_percent": 35.7,
  "counts": {
    "metrics_total": 3,
    "metrics_counted": 3
  },
  "commit": "4dbf223"
}