{
  "as_of": "2025-12-22T22:14:04.504703Z",
  "track": "pure_model",
  "domain_means": {
    "M": 0.6287325101803334,
    "WM": 0.03136,
    "K": 0.5096743717325469
  },
  "agi_percent": 11.7,
  "time_percent": 35.7,
  "counts": {
    "metrics_total": 3,
    "metrics_counted": 3
  },
  "commit": "1781e79"
}