{
  "as_of": "2026-02-24T18:47:42.906454Z",
  "track": "pure_model",
  "domain_means": {
    "M": 0.6468879306834252,
    "WM": 0.31942,
    "K": 0.48384833116532394
  },
  "agi_percent": 14.5,
  "time_percent": 42.9,
  "counts": {
    "metrics_total": 3,
    "metrics_counted": 3
  },
  "commit": "d198341"
}