{
  "as_of": "2026-03-04T21:42:08.337476Z",
  "track": "pure_model",
  "domain_means": {
    "M": 0.6490803691683484,
    "K": 0.49435695545650543,
    "WM": 0.31997
  },
  "agi_percent": 14.6,
  "time_percent": 42.9,
  "counts": {
    "metrics_total": 3,
    "metrics_counted": 3
  },
  "commit": "bf6b6e7"
}