{
  "as_of": "2025-12-11T19:38:10.869480Z",
  "track": "pure_model",
  "domain_means": {
    "M": 0.6211755018923095,
    "WM": 0.31458,
    "K": 0.5098641029385619
  },
  "agi_percent": 14.5,
  "time_percent": 35.7,
  "counts": {
    "metrics_total": 3,
    "metrics_counted": 3
  },
  "commit": "7dc9ee2"
}