{
  "as_of": "2025-11-11T01:22:27.319642Z",
  "track": "pure_model",
  "domain_means": {
    "M": 0.5480788000999638,
    "K": 0.4797536325835344
  },
  "agi_percent": 10.3,
  "time_percent": 35.7,
  "counts": {
    "metrics_total": 2,
    "metrics_counted": 2
  },
  "commit": "547592a"
}