{
  "as_of": "2025-12-29T08:56:41.091653Z",
  "track": "pure_model",
  "domain_means": {
    "M": 0.6370933894904487,
    "WM": 0.31591,
    "K": 0.5060382573477158
  },
  "agi_percent": 14.6,
  "time_percent": 35.7,
  "counts": {
    "metrics_total": 3,
    "metrics_counted": 3
  },
  "commit": "0484b9a"
}