{
  "as_of": "2026-03-16T16:54:32.859611Z",
  "track": "pure_model",
  "domain_means": {
    "M": 0.6291591148466897,
    "K": 0.4949026520589969
  },
  "agi_percent": 11.2,
  "time_percent": 42.9,
  "counts": {
    "metrics_total": 2,
    "metrics_counted": 2
  },
  "commit": "e744222"
}