{
  "as_of": "2025-11-01T00:56:49.024412Z",
  "track": "pure_model",
  "domain_means": {
    "M": 0.5988071138551834,
    "WM": 0.31195,
    "K": 0.44982833405600314
  },
  "agi_percent": 13.6,
  "time_percent": 35.7,
  "counts": {
    "metrics_total": 3,
    "metrics_counted": 3
  },
  "commit": "9eee854"
}