{
  "as_of": "2026-03-27T19:39:29.622349Z",
  "track": "pure_model",
  "domain_means": {
    "M": 0.6236302826905278,
    "WM": 0.32147,
    "K": 0.49140216096310013
  },
  "agi_percent": 14.4,
  "time_percent": 42.9,
  "counts": {
    "metrics_total": 3,
    "metrics_counted": 3
  },
  "commit": "18fc8a7"
}