{
  "as_of": "2026-04-19T17:58:09.625764Z",
  "track": "pure_model",
  "domain_means": {
    "WM": 0.32316,
    "K": 0.4974961877359156,
    "M": 0.6779505073400109
  },
  "agi_percent": 15.0,
  "time_percent": 42.9,
  "counts": {
    "metrics_total": 3,
    "metrics_counted": 3
  },
  "commit": "bf1f7a6"
}