{
  "as_of": "2025-12-29T07:25:16.709461Z",
  "track": "pure_model",
  "domain_means": {
    "M": 0.6370933894904487,
    "WM": 0.03138,
    "K": 0.5060382573477158
  },
  "agi_percent": 11.7,
  "time_percent": 35.7,
  "counts": {
    "metrics_total": 3,
    "metrics_counted": 3
  },
  "commit": "05884e1"
}