{
  "as_of": "2026-04-07T18:49:08.058330Z",
  "track": "pure_model",
  "domain_means": {
    "M": 0.6606155675396698,
    "K": 0.5047618754487563
  },
  "agi_percent": 11.7,
  "time_percent": 42.9,
  "counts": {
    "metrics_total": 2,
    "metrics_counted": 2
  },
  "commit": "65d9199"
}