{
  "as_of": "2025-10-29T13:07:58.853437Z",
  "track": "pure_model",
  "domain_means": {
    "M": 0.6013496577208799,
    "K": 0.43806482167505195
  },
  "agi_percent": 10.4,
  "time_percent": 35.7,
  "counts": {
    "metrics_total": 2,
    "metrics_counted": 2
  },
  "commit": "aa9f953"
}