{
  "as_of": "2026-01-07T19:14:21.202975Z",
  "track": "pure_model",
  "domain_means": {
    "M": 0.6375926553817262,
    "WM": 0.31688,
    "K": 0.5044902713265049
  },
  "agi_percent": 14.6,
  "time_percent": 42.9,
  "counts": {
    "metrics_total": 3,
    "metrics_counted": 3
  },
  "commit": "584b742"
}