{
  "as_of": "2026-05-06T07:14:27.627348Z",
  "track": "pure_model",
  "domain_means": {
    "WM": 0.32418,
    "K": 0.48625091825875777,
    "M": 0.6402057159176735
  },
  "agi_percent": 14.5,
  "time_percent": 42.9,
  "counts": {
    "metrics_total": 3,
    "metrics_counted": 3
  },
  "commit": "b6cea2d"
}