{
  "as_of": "2025-11-27T07:40:15.433510Z",
  "track": "pure_model",
  "domain_means": {
    "M": 0.5809299128307798,
    "WM": 0.31379,
    "K": 0.49261462505225095
  },
  "agi_percent": 13.9,
  "time_percent": 35.7,
  "counts": {
    "metrics_total": 3,
    "metrics_counted": 3
  },
  "commit": "1f2bc45"
}