{
  "as_of": "2026-01-31T12:41:51.268538Z",
  "track": "pure_model",
  "domain_means": {
    "M": 0.6512979071851027,
    "WM": 0.31836,
    "K": 0.5066350923580584
  },
  "agi_percent": 14.8,
  "time_percent": 42.9,
  "counts": {
    "metrics_total": 3,
    "metrics_counted": 3
  },
  "commit": "2004374"
}