{
  "as_of": "2026-01-14T19:40:23.069598Z",
  "track": "pure_model",
  "domain_means": {
    "M": 0.6524169704712189,
    "WM": 0.3172,
    "K": 0.5101163067256019
  },
  "agi_percent": 14.8,
  "time_percent": 42.9,
  "counts": {
    "metrics_total": 3,
    "metrics_counted": 3
  },
  "commit": "c9f14b2"
}