{
  "as_of": "2026-02-13T18:02:27.498169Z",
  "track": "pure_model",
  "domain_means": {
    "M": 0.6564533024637303,
    "K": 0.4917274757293539,
    "WM": 0.31893
  },
  "agi_percent": 14.7,
  "time_percent": 42.9,
  "counts": {
    "metrics_total": 3,
    "metrics_counted": 3
  },
  "commit": "5cc3bfc"
}