{
  "as_of": "2026-04-30T18:09:27.058439Z",
  "track": "pure_model",
  "domain_means": {
    "WM": 0.3238,
    "K": 0.5002889521348334,
    "M": 0.6739984443130224
  },
  "agi_percent": 15.0,
  "time_percent": 42.9,
  "counts": {
    "metrics_total": 3,
    "metrics_counted": 3
  },
  "commit": "d866b8f"
}