{
  "as_of": "2026-05-01T18:56:52.888872Z",
  "track": "pure_model",
  "domain_means": {
    "WM": 0.3239,
    "K": 0.502139537450862,
    "M": 0.6739853611835424
  },
  "agi_percent": 15.0,
  "time_percent": 42.9,
  "counts": {
    "metrics_total": 3,
    "metrics_counted": 3
  },
  "commit": "eed4f53"
}