{
  "as_of": "2026-02-28T05:33:08.535592Z",
  "track": "pure_model",
  "domain_means": {
    "M": 0.6528212443521654,
    "K": 0.48703437957316936
  },
  "agi_percent": 11.4,
  "time_percent": 42.9,
  "counts": {
    "metrics_total": 2,
    "metrics_counted": 2
  },
  "commit": "f90a1a0"
}