{
  "as_of": "2026-01-07T03:16:09.874469Z",
  "track": "pure_model",
  "domain_means": {
    "M": 0.6337842211790586,
    "WM": 0.31683,
    "K": 0.5044902713265049
  },
  "agi_percent": 14.6,
  "time_percent": 42.9,
  "counts": {
    "metrics_total": 3,
    "metrics_counted": 3
  },
  "commit": "ac5e9c0"
}