{
  "as_of": "2026-04-16T14:19:31.744882Z",
  "track": "pure_model",
  "domain_means": {
    "WM": 0.32289,
    "K": 0.4983157606197955,
    "M": 0.665145234133581
  },
  "agi_percent": 14.9,
  "time_percent": 42.9,
  "counts": {
    "metrics_total": 3,
    "metrics_counted": 3
  },
  "commit": "32b7fc9"
}