{
  "as_of": "2025-12-31T14:44:18.192243Z",
  "track": "pure_model",
  "domain_means": {
    "M": 0.6388365911794219,
    "WM": 0.3163,
    "K": 0.5057045434617584
  },
  "agi_percent": 14.6,
  "time_percent": 35.7,
  "counts": {
    "metrics_total": 3,
    "metrics_counted": 3
  },
  "commit": "0e38315"
}