{
  "as_of": "2026-05-08T08:53:35.005726Z",
  "track": "pure_model",
  "domain_means": {
    "K": 0.4833945214427451,
    "M": 0.6485152044112873
  },
  "agi_percent": 11.3,
  "time_percent": 42.9,
  "counts": {
    "metrics_total": 2,
    "metrics_counted": 2
  },
  "commit": "56dc2f7"
}