{
  "as_of": "2026-01-27T10:53:57.872720Z",
  "track": "pure_model",
  "domain_means": {
    "M": 0.6534495224116533,
    "K": 0.5138573571905087
  },
  "agi_percent": 11.7,
  "time_percent": 42.9,
  "counts": {
    "metrics_total": 2,
    "metrics_counted": 2
  },
  "commit": "c05fcc1"
}