{
  "as_of": "2025-11-29T11:10:17.499894Z",
  "track": "pure_model",
  "domain_means": {
    "M": 0.6206033059192438,
    "K": 0.49427866187001773
  },
  "agi_percent": 11.1,
  "time_percent": 35.7,
  "counts": {
    "metrics_total": 2,
    "metrics_counted": 2
  },
  "commit": "a83101f"
}