{
  "as_of": "2026-04-14T16:05:41.603046Z",
  "track": "pure_model",
  "domain_means": {
    "WM": 0.32276,
    "K": 0.5014333619603196,
    "M": 0.6651304486338563
  },
  "agi_percent": 14.9,
  "time_percent": 42.9,
  "counts": {
    "metrics_total": 3,
    "metrics_counted": 3
  },
  "commit": "1cc379a"
}