{
  "as_of": "2026-01-13T06:20:37.163203Z",
  "track": "pure_model",
  "domain_means": {
    "M": 0.6456405888705726,
    "WM": 0.31719,
    "K": 0.5066350923580584
  },
  "agi_percent": 14.7,
  "time_percent": 42.9,
  "counts": {
    "metrics_total": 3,
    "metrics_counted": 3
  },
  "commit": "5a1b8a4"
}