{
  "as_of": "2026-01-24T12:38:08.809542Z",
  "track": "pure_model",
  "domain_means": {
    "M": 0.6533016700283659,
    "K": 0.5157451881069408
  },
  "agi_percent": 11.7,
  "time_percent": 42.9,
  "counts": {
    "metrics_total": 2,
    "metrics_counted": 2
  },
  "commit": "f99eeaf"
}