{
  "as_of": "2025-11-29T23:10:38.561508Z",
  "track": "pure_model",
  "domain_means": {
    "M": 0.6206033059192438,
    "WM": 0.31395,
    "K": 0.49427866187001773
  },
  "agi_percent": 14.3,
  "time_percent": 35.7,
  "counts": {
    "metrics_total": 3,
    "metrics_counted": 3
  },
  "commit": "59ab473"
}