{
  "as_of": "2026-02-01T01:21:21.078321Z",
  "track": "pure_model",
  "domain_means": {
    "M": 0.6512979071851027,
    "WM": 0.31838,
    "K": 0.5066350923580584
  },
  "agi_percent": 14.8,
  "time_percent": 42.9,
  "counts": {
    "metrics_total": 3,
    "metrics_counted": 3
  },
  "commit": "8a937be"
}