{
  "as_of": "2025-12-16T11:39:02.634459Z",
  "track": "pure_model",
  "domain_means": {
    "M": 0.6277850345437098,
    "WM": 0.315,
    "K": 0.5107429982044864
  },
  "agi_percent": 14.5,
  "time_percent": 35.7,
  "counts": {
    "metrics_total": 3,
    "metrics_counted": 3
  },
  "commit": "90d1bf3"
}