{
  "as_of": "2025-11-01T05:39:27.279187Z",
  "track": "pure_model",
  "domain_means": {
    "M": 0.5988071138551834,
    "WM": 0.31196,
    "K": 0.44982833405600314
  },
  "agi_percent": 13.6,
  "time_percent": 35.7,
  "counts": {
    "metrics_total": 3,
    "metrics_counted": 3
  },
  "commit": "7db0712"
}