{
  "as_of": "2026-05-08T08:54:41.987551Z",
  "track": "pure_model",
  "domain_means": {
    "WM": 0.32427,
    "K": 0.4833945214427451,
    "M": 0.6485152044112873
  },
  "agi_percent": 14.6,
  "time_percent": 42.9,
  "counts": {
    "metrics_total": 3,
    "metrics_counted": 3
  },
  "commit": "28cc62b"
}