{
  "as_of": "2026-03-02T22:36:31.518094Z",
  "track": "pure_model",
  "domain_means": {
    "M": 0.6495311794300256,
    "K": 0.493253062828833,
    "WM": 0.31988
  },
  "agi_percent": 14.6,
  "time_percent": 42.9,
  "counts": {
    "metrics_total": 3,
    "metrics_counted": 3
  },
  "commit": "7fe45d6"
}