{
  "as_of": "2026-01-15T17:30:34.538450Z",
  "track": "pure_model",
  "domain_means": {
    "M": 0.6521343987768821,
    "WM": 0.28589,
    "K": 0.5118575484085138
  },
  "agi_percent": 14.5,
  "time_percent": 42.9,
  "counts": {
    "metrics_total": 3,
    "metrics_counted": 3
  },
  "commit": "b686a72"
}