{
  "as_of": "2026-04-06T07:08:03.523675Z",
  "track": "pure_model",
  "domain_means": {
    "M": 0.6574384503093796,
    "WM": 0.32231,
    "K": 0.5024200897929872
  },
  "agi_percent": 14.8,
  "time_percent": 42.9,
  "counts": {
    "metrics_total": 3,
    "metrics_counted": 3
  },
  "commit": "0ee43c9"
}