{
  "as_of": "2025-12-20T06:49:23.494762Z",
  "track": "pure_model",
  "domain_means": {
    "M": 0.6282541700285084,
    "WM": 0.31531,
    "K": 0.5119189675158482
  },
  "agi_percent": 14.6,
  "time_percent": 35.7,
  "counts": {
    "metrics_total": 3,
    "metrics_counted": 3
  },
  "commit": "1a8e898"
}