{
  "as_of": "2026-07-04T07:21:13.053422Z",
  "track": "pure_model",
  "domain_means": {
    "WM": 0.32619,
    "M": 0.7481105842691124,
    "K": 0.39007401914001977
  },
  "agi_percent": 14.6,
  "time_percent": 42.9,
  "counts": {
    "metrics_total": 3,
    "metrics_counted": 3
  },
  "commit": "28f085f"
}