{
  "as_of": "2026-01-02T04:56:38.190529Z",
  "track": "pure_model",
  "domain_means": {
    "M": 0.6378841068482891,
    "WM": 0.31641,
    "K": 0.5057714094375534
  },
  "agi_percent": 14.6,
  "time_percent": 42.9,
  "counts": {
    "metrics_total": 3,
    "metrics_counted": 3
  },
  "commit": "a2a699d"
}