{
  "as_of": "2026-03-24T19:47:13.993021Z",
  "track": "pure_model",
  "domain_means": {
    "M": 0.6304359886719338,
    "K": 0.4930143080868475,
    "WM": 0.32099
  },
  "agi_percent": 14.4,
  "time_percent": 42.9,
  "counts": {
    "metrics_total": 3,
    "metrics_counted": 3
  },
  "commit": "104f1f6"
}