{
  "as_of": "2026-03-29T12:33:05.254530Z",
  "track": "pure_model",
  "domain_means": {
    "M": 0.6174156161682164,
    "WM": 0.32183,
    "K": 0.4904173510280134
  },
  "agi_percent": 14.3,
  "time_percent": 42.9,
  "counts": {
    "metrics_total": 3,
    "metrics_counted": 3
  },
  "commit": "abd4077"
}