{
  "as_of": "2026-05-10T14:35:22.326161Z",
  "track": "pure_model",
  "domain_means": {
    "WM": 0.3243,
    "K": 0.48983662940811107,
    "M": 0.646954489229403
  },
  "agi_percent": 14.6,
  "time_percent": 42.9,
  "counts": {
    "metrics_total": 3,
    "metrics_counted": 3
  },
  "commit": "4a51008"
}