{
  "as_of": "2026-02-10T17:54:43.767909Z",
  "track": "pure_model",
  "domain_means": {
    "M": 0.6579137894261531,
    "WM": 0.31896,
    "K": 0.4955982705712095
  },
  "agi_percent": 14.7,
  "time_percent": 42.9,
  "counts": {
    "metrics_total": 3,
    "metrics_counted": 3
  },
  "commit": "299d0cd"
}