{
  "as_of": "2026-07-04T11:24:09.955956Z",
  "track": "pure_model",
  "domain_means": {
    "WM": 0.3262,
    "M": 0.7481293775740734,
    "K": 0.39007401914001977
  },
  "agi_percent": 14.6,
  "time_percent": 42.9,
  "counts": {
    "metrics_total": 3,
    "metrics_counted": 3
  },
  "commit": "92a9be0"
}