{
  "as_of": "2025-11-02T20:17:09.287637Z",
  "track": "pure_model",
  "domain_means": {
    "M": 0.5910493058535737,
    "WM": 0.31209,
    "K": 0.46119264434703006
  },
  "agi_percent": 13.6,
  "time_percent": 35.7,
  "counts": {
    "metrics_total": 3,
    "metrics_counted": 3
  },
  "commit": "5a6dcfa"
}