{
  "as_of": "2026-06-19T15:47:37.868173Z",
  "track": "pure_model",
  "domain_means": {
    "WM": 0.32562,
    "M": 0.7388362275155727,
    "K": 0.45280628721658744
  },
  "agi_percent": 15.2,
  "time_percent": 42.9,
  "counts": {
    "metrics_total": 3,
    "metrics_counted": 3
  },
  "commit": "dbb20bc"
}