{
  "as_of": "2026-03-19T10:30:19.415658Z",
  "track": "pure_model",
  "domain_means": {
    "M": 0.6359960001619976,
    "K": 0.4949026520589969,
    "WM": 0.32071
  },
  "agi_percent": 14.5,
  "time_percent": 42.9,
  "counts": {
    "metrics_total": 3,
    "metrics_counted": 3
  },
  "commit": "7b9e8fe"
}