{
  "as_of": "2026-01-01T03:49:42.853043Z",
  "track": "pure_model",
  "domain_means": {
    "M": 0.6388365911794219,
    "K": 0.5057045434617584
  },
  "agi_percent": 11.4,
  "time_percent": 42.9,
  "counts": {
    "metrics_total": 2,
    "metrics_counted": 2
  },
  "commit": "46889a0"
}