{
  "as_of": "2025-12-23T15:20:14.889215Z",
  "track": "pure_model",
  "domain_means": {
    "M": 0.640932348860004,
    "WM": 0.26874,
    "K": 0.5096743717325469
  },
  "agi_percent": 14.2,
  "time_percent": 35.7,
  "counts": {
    "metrics_total": 3,
    "metrics_counted": 3
  },
  "commit": "d87254c"
}