{
  "as_of": "2026-05-13T16:13:25.367963Z",
  "track": "pure_model",
  "domain_means": {
    "WM": 0.32437,
    "K": 0.49905285877827277,
    "M": 0.64353926977234
  },
  "agi_percent": 14.7,
  "time_percent": 42.9,
  "counts": {
    "metrics_total": 3,
    "metrics_counted": 3
  },
  "commit": "3aa9de2"
}