{
  "as_of": "2025-11-02T07:10:25.947831Z",
  "track": "pure_model",
  "domain_means": {
    "M": 0.5974262267542791,
    "WM": 0.312,
    "K": 0.4557999715981412
  },
  "agi_percent": 13.7,
  "time_percent": 35.7,
  "counts": {
    "metrics_total": 3,
    "metrics_counted": 3
  },
  "commit": "036f3b7"
}