{
  "as_of": "2026-03-26T02:06:42.530841Z",
  "track": "pure_model",
  "domain_means": {
    "M": 0.6305672135204272,
    "K": 0.4928546996128022,
    "WM": 0.32103
  },
  "agi_percent": 14.4,
  "time_percent": 42.9,
  "counts": {
    "metrics_total": 3,
    "metrics_counted": 3
  },
  "commit": "f87b5c1"
}