{
  "as_of": "2025-11-05T17:11:26.945382Z",
  "track": "pure_model",
  "domain_means": {
    "M": 0.5901383023518466,
    "WM": 0.31233,
    "K": 0.47025225473412885
  },
  "agi_percent": 13.7,
  "time_percent": 35.7,
  "counts": {
    "metrics_total": 3,
    "metrics_counted": 3
  },
  "commit": "e6cf099"
}