{
  "as_of": "2026-06-15T13:31:28.037950Z",
  "track": "pure_model",
  "domain_means": {
    "WM": 0.32552,
    "M": 0.7144730083431688,
    "K": 0.43599167527606686
  },
  "agi_percent": 14.8,
  "time_percent": 42.9,
  "counts": {
    "metrics_total": 3,
    "metrics_counted": 3
  },
  "commit": "0c31afe"
}