{
  "as_of": "2025-12-02T06:29:18.132817Z",
  "track": "pure_model",
  "domain_means": {
    "M": 0.620671662155933,
    "WM": 0.31409,
    "K": 0.49498027395775
  },
  "agi_percent": 14.3,
  "time_percent": 35.7,
  "counts": {
    "metrics_total": 3,
    "metrics_counted": 3
  },
  "commit": "ef88a2c"
}