{
  "as_of": "2026-05-17T05:58:27.712773Z",
  "track": "pure_model",
  "domain_means": {
    "WM": 0.32454,
    "K": 0.5030473847377551,
    "M": 0.6421104907240949
  },
  "agi_percent": 14.7,
  "time_percent": 42.9,
  "counts": {
    "metrics_total": 3,
    "metrics_counted": 3
  },
  "commit": "c9cca02"
}