{
  "as_of": "2025-12-22T21:37:55.342213Z",
  "track": "pure_model",
  "domain_means": {
    "M": 0.6287325101803334,
    "WM": 0.31547,
    "K": 0.5096743717325469
  },
  "agi_percent": 14.5,
  "time_percent": 35.7,
  "counts": {
    "metrics_total": 3,
    "metrics_counted": 3
  },
  "commit": "61f2ab3"
}