{
  "as_of": "2026-05-30T04:32:48.834777Z",
  "track": "pure_model",
  "domain_means": {
    "K": 0.4980931594797693,
    "WM": 0.32496,
    "M": 0.6253414079699064
  },
  "agi_percent": 14.5,
  "time_percent": 42.9,
  "counts": {
    "metrics_total": 3,
    "metrics_counted": 3
  },
  "commit": "3b8746b"
}