{
  "as_of": "2026-06-12T06:38:53.817163Z",
  "track": "pure_model",
  "domain_means": {
    "WM": 0.32537,
    "M": 0.6495128338682367,
    "K": 0.4715506288051708
  },
  "agi_percent": 14.5,
  "time_percent": 42.9,
  "counts": {
    "metrics_total": 3,
    "metrics_counted": 3
  },
  "commit": "8f01d8c"
}