{
  "as_of": "2026-02-20T19:30:34.399196Z",
  "track": "pure_model",
  "domain_means": {
    "M": 0.6482262894814886,
    "WM": 0.31924,
    "K": 0.48429931339464477
  },
  "agi_percent": 14.5,
  "time_percent": 42.9,
  "counts": {
    "metrics_total": 3,
    "metrics_counted": 3
  },
  "commit": "bb0c756"
}