{
  "as_of": "2026-06-10T15:28:19.158631Z",
  "track": "pure_model",
  "domain_means": {
    "WM": 0.32525,
    "M": 0.6495128338682367,
    "K": 0.4715506288051708
  },
  "agi_percent": 14.5,
  "time_percent": 42.9,
  "counts": {
    "metrics_total": 3,
    "metrics_counted": 3
  },
  "commit": "66457ea"
}