{
  "as_of": "2026-04-19T02:11:56.690694Z",
  "track": "pure_model",
  "domain_means": {
    "WM": 0.32309,
    "K": 0.4974212188906321,
    "M": 0.6768270188489721
  },
  "agi_percent": 15.0,
  "time_percent": 42.9,
  "counts": {
    "metrics_total": 3,
    "metrics_counted": 3
  },
  "commit": "9f74f85"
}