{
  "as_of": "2026-02-27T01:53:05.824266Z",
  "track": "pure_model",
  "domain_means": {
    "M": 0.6517440526659356,
    "K": 0.48483680903519266,
    "WM": 0.31957
  },
  "agi_percent": 14.6,
  "time_percent": 42.9,
  "counts": {
    "metrics_total": 3,
    "metrics_counted": 3
  },
  "commit": "6420f47"
}