{
  "as_of": "2025-12-13T21:34:36.299583Z",
  "track": "pure_model",
  "domain_means": {
    "M": 0.621473428056662,
    "WM": 0.31473,
    "K": 0.5104929723474184
  },
  "agi_percent": 14.5,
  "time_percent": 35.7,
  "counts": {
    "metrics_total": 3,
    "metrics_counted": 3
  },
  "commit": "64f2eac"
}