{
  "as_of": "2026-03-16T05:03:06.259232Z",
  "track": "pure_model",
  "domain_means": {
    "M": 0.6283402590532782,
    "K": 0.49513526847875294,
    "WM": 0.3205
  },
  "agi_percent": 14.4,
  "time_percent": 42.9,
  "counts": {
    "metrics_total": 3,
    "metrics_counted": 3
  },
  "commit": "08b7c5a"
}