{
  "as_of": "2026-04-13T22:06:27.136477Z",
  "track": "pure_model",
  "domain_means": {
    "WM": 0.32271,
    "K": 0.5029779531605842,
    "M": 0.66242629080893
  },
  "agi_percent": 14.9,
  "time_percent": 42.9,
  "counts": {
    "metrics_total": 3,
    "metrics_counted": 3
  },
  "commit": "7f5f1e3"
}