{
  "as_of": "2026-04-08T16:59:10.064491Z",
  "track": "pure_model",
  "domain_means": {
    "M": 0.6592973214861519,
    "WM": 0.32242,
    "K": 0.5065028869995687
  },
  "agi_percent": 14.9,
  "time_percent": 42.9,
  "counts": {
    "metrics_total": 3,
    "metrics_counted": 3
  },
  "commit": "fffa365"
}