{
  "as_of": "2025-12-04T09:22:19.750499Z",
  "track": "pure_model",
  "domain_means": {
    "M": 0.6208218190320663,
    "WM": 0.31418,
    "K": 0.49853767928208254
  },
  "agi_percent": 14.3,
  "time_percent": 35.7,
  "counts": {
    "metrics_total": 3,
    "metrics_counted": 3
  },
  "commit": "b551015"
}