{
  "as_of": "2026-01-15T05:31:46.191018Z",
  "track": "pure_model",
  "domain_means": {
    "M": 0.6524169704712189,
    "WM": 0.31723,
    "K": 0.5101163067256019
  },
  "agi_percent": 14.8,
  "time_percent": 42.9,
  "counts": {
    "metrics_total": 3,
    "metrics_counted": 3
  },
  "commit": "e9b39c2"
}