{
  "as_of": "2026-05-27T17:41:26.853950Z",
  "track": "pure_model",
  "domain_means": {
    "K": 0.4986115012299914,
    "WM": 0.04773,
    "M": 0.628413968238518
  },
  "agi_percent": 11.7,
  "time_percent": 42.9,
  "counts": {
    "metrics_total": 3,
    "metrics_counted": 3
  },
  "commit": "6f6fe98"
}