{
  "as_of": "2026-01-12T18:19:38.107653Z",
  "track": "pure_model",
  "domain_means": {
    "M": 0.6456405888705726,
    "WM": 0.3171,
    "K": 0.5066350923580584
  },
  "agi_percent": 14.7,
  "time_percent": 42.9,
  "counts": {
    "metrics_total": 3,
    "metrics_counted": 3
  },
  "commit": "d533fe4"
}