{
  "as_of": "2026-05-22T20:18:14.446028Z",
  "track": "pure_model",
  "domain_means": {
    "WM": 0.3247,
    "K": 0.5007202289637738,
    "M": 0.6356190653135242
  },
  "agi_percent": 14.6,
  "time_percent": 42.9,
  "counts": {
    "metrics_total": 3,
    "metrics_counted": 3
  },
  "commit": "d0852d5"
}