{
  "as_of": "2025-12-16T06:54:34.501668Z",
  "track": "pure_model",
  "domain_means": {
    "M": 0.6218239489046226,
    "WM": 0.31499,
    "K": 0.5106805726605993
  },
  "agi_percent": 14.5,
  "time_percent": 35.7,
  "counts": {
    "metrics_total": 3,
    "metrics_counted": 3
  },
  "commit": "b438c60"
}