{
  "as_of": "2026-07-12T18:50:03.509615Z",
  "track": "pure_model",
  "domain_means": {
    "WM": 0.32657,
    "M": 0.7273375661417414,
    "K": 0.4280336206778325
  },
  "agi_percent": 14.8,
  "time_percent": 42.9,
  "counts": {
    "metrics_total": 3,
    "metrics_counted": 3
  },
  "commit": "51ed02e"
}