{
  "as_of": "2026-03-11T11:06:50.574252Z",
  "track": "pure_model",
  "domain_means": {
    "M": 0.6355078275266847,
    "K": 0.4959818560669655,
    "WM": 0.32027
  },
  "agi_percent": 14.5,
  "time_percent": 42.9,
  "counts": {
    "metrics_total": 3,
    "metrics_counted": 3
  },
  "commit": "a541565"
}