{
  "as_of": "2026-06-27T02:10:18.592103Z",
  "track": "pure_model",
  "domain_means": {
    "WM": 0.32588,
    "M": 0.7390495641874181,
    "K": 0.42919797415461014
  },
  "agi_percent": 14.9,
  "time_percent": 42.9,
  "counts": {
    "metrics_total": 3,
    "metrics_counted": 3
  },
  "commit": "7509b5d"
}