{
  "as_of": "2025-12-25T21:39:04.905571Z",
  "track": "pure_model",
  "domain_means": {
    "M": 0.6373434529031089,
    "WM": 0.31567,
    "K": 0.5089744044753755
  },
  "agi_percent": 14.6,
  "time_percent": 35.7,
  "counts": {
    "metrics_total": 3,
    "metrics_counted": 3
  },
  "commit": "9b36604"
}