{
  "as_of": "2026-01-25T08:46:55.477321Z",
  "track": "pure_model",
  "domain_means": {
    "M": 0.6520812935553874,
    "WM": 0.31792,
    "K": 0.5155118843960106
  },
  "agi_percent": 14.9,
  "time_percent": 42.9,
  "counts": {
    "metrics_total": 3,
    "metrics_counted": 3
  },
  "commit": "6049417"
}