{
  "as_of": "2026-05-02T06:14:31.106188Z",
  "track": "pure_model",
  "domain_means": {
    "WM": 0.32393,
    "K": 0.502139537450862,
    "M": 0.6739853611835424
  },
  "agi_percent": 15.0,
  "time_percent": 42.9,
  "counts": {
    "metrics_total": 3,
    "metrics_counted": 3
  },
  "commit": "5260051"
}