{
  "as_of": "2026-01-09T20:22:08.918997Z",
  "track": "pure_model",
  "domain_means": {
    "M": 0.6410561853549676,
    "WM": 0.31699,
    "K": 0.5024900582988228
  },
  "agi_percent": 14.6,
  "time_percent": 42.9,
  "counts": {
    "metrics_total": 3,
    "metrics_counted": 3
  },
  "commit": "ec530ea"
}