{
  "as_of": "2026-05-12T01:17:34.407064Z",
  "track": "pure_model",
  "domain_means": {
    "WM": 0.32433,
    "K": 0.49261462505225095,
    "M": 0.6468403513655676
  },
  "agi_percent": 14.6,
  "time_percent": 42.9,
  "counts": {
    "metrics_total": 3,
    "metrics_counted": 3
  },
  "commit": "d9b0e89"
}