{
  "as_of": "2025-10-23T05:36:45.011980Z",
  "track": "pure_model",
  "domain_means": {
    "M": 0.6158990180485183,
    "WM": 0.31147,
    "K": 0.4256471711073124
  },
  "agi_percent": 13.5,
  "time_percent": 35.7,
  "counts": {
    "metrics_total": 3,
    "metrics_counted": 3
  },
  "commit": "1ac48a9"
}