{
  "as_of": "2026-02-18T05:44:44.344714Z",
  "track": "pure_model",
  "domain_means": {
    "M": 0.6472674434870488,
    "K": 0.48806597537611895,
    "WM": 0.31914
  },
  "agi_percent": 14.5,
  "time_percent": 42.9,
  "counts": {
    "metrics_total": 3,
    "metrics_counted": 3
  },
  "commit": "3835105"
}