{
  "as_of": "2025-12-26T11:11:21.216035Z",
  "track": "pure_model",
  "domain_means": {
    "M": 0.6384314447808573,
    "WM": 0.31568,
    "K": 0.5086539860076844
  },
  "agi_percent": 14.6,
  "time_percent": 35.7,
  "counts": {
    "metrics_total": 3,
    "metrics_counted": 3
  },
  "commit": "2d6472d"
}