{
  "as_of": "2026-04-21T01:28:24.010165Z",
  "track": "pure_model",
  "domain_means": {
    "WM": 0.32323,
    "K": 0.49734617231713846,
    "M": 0.6784934859668224
  },
  "agi_percent": 15.0,
  "time_percent": 42.9,
  "counts": {
    "metrics_total": 3,
    "metrics_counted": 3
  },
  "commit": "3cc79a4"
}