{
  "as_of": "2026-04-26T00:02:49.528184Z",
  "track": "pure_model",
  "domain_means": {
    "WM": 0.32349,
    "K": 0.4986115012299914,
    "M": 0.6846649403779187
  },
  "agi_percent": 15.1,
  "time_percent": 42.9,
  "counts": {
    "metrics_total": 3,
    "metrics_counted": 3
  },
  "commit": "2e2b0bc"
}