{
  "as_of": "2026-04-15T07:58:35.248964Z",
  "track": "pure_model",
  "domain_means": {
    "WM": 0.3228,
    "K": 0.4995643973995522,
    "M": 0.6652781678966581
  },
  "agi_percent": 14.9,
  "time_percent": 42.9,
  "counts": {
    "metrics_total": 3,
    "metrics_counted": 3
  },
  "commit": "dc9281f"
}