{
  "as_of": "2026-02-25T11:33:23.870647Z",
  "track": "pure_model",
  "domain_means": {
    "M": 0.649457769267901,
    "WM": 0.31946,
    "K": 0.48447892245367835
  },
  "agi_percent": 14.5,
  "time_percent": 42.9,
  "counts": {
    "metrics_total": 3,
    "metrics_counted": 3
  },
  "commit": "91b9fd4"
}