{
  "as_of": "2026-06-01T21:58:36.556398Z",
  "track": "pure_model",
  "domain_means": {
    "K": 0.4938859185643519,
    "WM": 0.32505,
    "M": 0.6226131209843174
  },
  "agi_percent": 14.4,
  "time_percent": 42.9,
  "counts": {
    "metrics_total": 3,
    "metrics_counted": 3
  },
  "commit": "0765fc1"
}