{
  "as_of": "2025-11-05T13:48:58.127308Z",
  "track": "pure_model",
  "domain_means": {
    "M": 0.5901383023518466,
    "K": 0.47025225473412885
  },
  "agi_percent": 10.6,
  "time_percent": 35.7,
  "counts": {
    "metrics_total": 2,
    "metrics_counted": 2
  },
  "commit": "4e5c611"
}