{
  "as_of": "2026-02-19T16:11:52.934864Z",
  "track": "pure_model",
  "domain_means": {
    "M": 0.6486174460398638,
    "K": 0.48456856012909766,
    "WM": 0.31924
  },
  "agi_percent": 14.5,
  "time_percent": 42.9,
  "counts": {
    "metrics_total": 3,
    "metrics_counted": 3
  },
  "commit": "bf4b184"
}