{
  "as_of": "2025-12-13T05:43:10.704284Z",
  "track": "pure_model",
  "domain_means": {
    "M": 0.6211890706267481,
    "WM": 0.3147,
    "K": 0.5103676348032854
  },
  "agi_percent": 14.5,
  "time_percent": 35.7,
  "counts": {
    "metrics_total": 3,
    "metrics_counted": 3
  },
  "commit": "59b9b16"
}