{
  "as_of": "2025-11-01T11:08:42.472236Z",
  "track": "pure_model",
  "domain_means": {
    "M": 0.5974262267542791,
    "WM": 0.31196,
    "K": 0.4557999715981412
  },
  "agi_percent": 13.7,
  "time_percent": 35.7,
  "counts": {
    "metrics_total": 3,
    "metrics_counted": 3
  },
  "commit": "21fe86e"
}