{
  "as_of": "2025-12-07T20:39:35.419070Z",
  "track": "pure_model",
  "domain_means": {
    "M": 0.6209852720491748,
    "WM": 0.11387,
    "K": 0.5048296175347963
  },
  "agi_percent": 12.4,
  "time_percent": 35.7,
  "counts": {
    "metrics_total": 3,
    "metrics_counted": 3
  },
  "commit": "9dfb6b3"
}