{
  "as_of": "2026-01-11T13:28:22.776433Z",
  "track": "pure_model",
  "domain_means": {
    "M": 0.6447054780704108,
    "WM": 0.31706,
    "K": 0.505637615658885
  },
  "agi_percent": 14.7,
  "time_percent": 42.9,
  "counts": {
    "metrics_total": 3,
    "metrics_counted": 3
  },
  "commit": "3f26488"
}