{
  "as_of": "2025-12-11T11:17:05.164791Z",
  "track": "pure_model",
  "domain_means": {
    "M": 0.6211755018923095,
    "WM": 0.31456,
    "K": 0.5107429982044864
  },
  "agi_percent": 14.5,
  "time_percent": 35.7,
  "counts": {
    "metrics_total": 3,
    "metrics_counted": 3
  },
  "commit": "53f47b0"
}