{
  "as_of": "2026-03-06T11:26:47.792978Z",
  "track": "pure_model",
  "domain_means": {
    "M": 0.6457952728640497,
    "K": 0.4958286657163448,
    "WM": 0.32005
  },
  "agi_percent": 14.6,
  "time_percent": 42.9,
  "counts": {
    "metrics_total": 3,
    "metrics_counted": 3
  },
  "commit": "260ff55"
}