{
  "as_of": "2025-11-13T07:39:06.550285Z",
  "track": "pure_model",
  "domain_means": {
    "M": 0.5434247287728299,
    "WM": 0.31284,
    "K": 0.48581196959000844
  },
  "agi_percent": 13.4,
  "time_percent": 35.7,
  "counts": {
    "metrics_total": 3,
    "metrics_counted": 3
  },
  "commit": "3a1e493"
}