{
  "as_of": "2025-10-29T07:39:12.148452Z",
  "track": "pure_model",
  "domain_means": {
    "M": 0.6013496577208799,
    "WM": 0.31183,
    "K": 0.43806482167505195
  },
  "agi_percent": 13.5,
  "time_percent": 35.7,
  "counts": {
    "metrics_total": 3,
    "metrics_counted": 3
  },
  "commit": "cdd75e8"
}