{
  "as_of": "2025-11-02T11:33:04.969784Z",
  "track": "pure_model",
  "domain_means": {
    "M": 0.5910493058535737,
    "WM": 0.31204,
    "K": 0.46119264434703006
  },
  "agi_percent": 13.6,
  "time_percent": 35.7,
  "counts": {
    "metrics_total": 3,
    "metrics_counted": 3
  },
  "commit": "ed1bfe9"
}