{
  "as_of": "2026-04-12T06:52:42.779592Z",
  "track": "pure_model",
  "domain_means": {
    "WM": 0.3226,
    "K": 0.5061048158936935,
    "M": 0.6615926140368072
  },
  "agi_percent": 14.9,
  "time_percent": 42.9,
  "counts": {
    "metrics_total": 3,
    "metrics_counted": 3
  },
  "commit": "d20324c"
}