{
  "as_of": "2026-05-04T04:14:47.298522Z",
  "track": "pure_model",
  "domain_means": {
    "WM": 0.32405,
    "K": 0.4958286657163448,
    "M": 0.668170957014485
  },
  "agi_percent": 14.9,
  "time_percent": 42.9,
  "counts": {
    "metrics_total": 3,
    "metrics_counted": 3
  },
  "commit": "d5cd9f9"
}