{
  "as_of": "2026-07-10T01:54:40.468396Z",
  "track": "pure_model",
  "domain_means": {
    "WM": 0.32648,
    "M": 0.7273876361229169,
    "K": 0.36735333044265417
  },
  "agi_percent": 14.2,
  "time_percent": 42.9,
  "counts": {
    "metrics_total": 3,
    "metrics_counted": 3
  },
  "commit": "33ac975"
}