{
  "as_of": "2026-03-26T09:02:10.981319Z",
  "track": "pure_model",
  "domain_means": {
    "M": 0.6283771230284322,
    "K": 0.4920513349436875
  },
  "agi_percent": 11.2,
  "time_percent": 42.9,
  "counts": {
    "metrics_total": 2,
    "metrics_counted": 2
  },
  "commit": "8704c9a"
}