{
  "as_of": "2026-04-29T16:12:06.843738Z",
  "track": "pure_model",
  "domain_means": {
    "WM": 0.32372,
    "K": 0.49949154141589686,
    "M": 0.679851476266906
  },
  "agi_percent": 15.0,
  "time_percent": 42.9,
  "counts": {
    "metrics_total": 3,
    "metrics_counted": 3
  },
  "commit": "dbc3a63"
}