{
  "as_of": "2025-11-10T05:39:55.902999Z",
  "track": "pure_model",
  "domain_means": {
    "M": 0.5505686784327903,
    "WM": 0.31266,
    "K": 0.4776160099860118
  },
  "agi_percent": 13.4,
  "time_percent": 35.7,
  "counts": {
    "metrics_total": 3,
    "metrics_counted": 3
  },
  "commit": "9d11ba8"
}