{
  "as_of": "2026-01-28T16:26:18.985792Z",
  "track": "pure_model",
  "domain_means": {
    "M": 0.6525666392020449,
    "WM": 0.31827,
    "K": 0.5131968743412708
  },
  "agi_percent": 14.8,
  "time_percent": 42.9,
  "counts": {
    "metrics_total": 3,
    "metrics_counted": 3
  },
  "commit": "6554e7f"
}