{
  "as_of": "2025-12-24T01:24:14.577749Z",
  "track": "pure_model",
  "domain_means": {
    "M": 0.640932348860004,
    "WM": 0.31555,
    "K": 0.5096743717325469
  },
  "agi_percent": 14.7,
  "time_percent": 35.7,
  "counts": {
    "metrics_total": 3,
    "metrics_counted": 3
  },
  "commit": "b47697d"
}