{
  "as_of": "2025-11-15T23:33:33.747982Z",
  "track": "pure_model",
  "domain_means": {
    "M": 0.5441756314173357,
    "WM": 0.31299,
    "K": 0.4884915051945871
  },
  "agi_percent": 13.5,
  "time_percent": 35.7,
  "counts": {
    "metrics_total": 3,
    "metrics_counted": 3
  },
  "commit": "d806de8"
}