{
  "as_of": "2026-06-24T15:15:24.576738Z",
  "track": "pure_model",
  "domain_means": {
    "WM": 0.32568,
    "M": 0.7389509741261572,
    "K": 0.43616672352014985
  },
  "agi_percent": 15.0,
  "time_percent": 42.9,
  "counts": {
    "metrics_total": 3,
    "metrics_counted": 3
  },
  "commit": "250dded"
}